-- MySQL dump 10.11
--
-- Host: localhost    Database: garagem
-- ------------------------------------------------------
-- Server version	5.0.45-community-nt

/*!40101 SET @OLD_CHARACTER_SET_CLIENT=@@CHARACTER_SET_CLIENT */;
/*!40101 SET @OLD_CHARACTER_SET_RESULTS=@@CHARACTER_SET_RESULTS */;
/*!40101 SET @OLD_COLLATION_CONNECTION=@@COLLATION_CONNECTION */;
/*!40101 SET NAMES utf8 */;
/*!40103 SET @OLD_TIME_ZONE=@@TIME_ZONE */;
/*!40103 SET TIME_ZONE='+00:00' */;
/*!40014 SET @OLD_UNIQUE_CHECKS=@@UNIQUE_CHECKS, UNIQUE_CHECKS=0 */;
/*!40014 SET @OLD_FOREIGN_KEY_CHECKS=@@FOREIGN_KEY_CHECKS, FOREIGN_KEY_CHECKS=0 */;
/*!40101 SET @OLD_SQL_MODE=@@SQL_MODE, SQL_MODE='NO_AUTO_VALUE_ON_ZERO' */;
/*!40111 SET @OLD_SQL_NOTES=@@SQL_NOTES, SQL_NOTES=0 */;

--
-- Table structure for table `log_usuarios`
--

DROP TABLE IF EXISTS `log_usuarios`;
CREATE TABLE `log_usuarios` (
  `APPLICATIONID` varchar(250) default NULL,
  `IDUSER` int(11) default NULL,
  `MSG` varchar(250) default NULL,
  `DATA` varchar(14) default NULL,
  `NIVEL` int(11) default NULL
) ENGINE=InnoDB DEFAULT CHARSET=latin1;

--
-- Dumping data for table `log_usuarios`
--

LOCK TABLES `log_usuarios` WRITE;
/*!40000 ALTER TABLE `log_usuarios` DISABLE KEYS */;
/*!40000 ALTER TABLE `log_usuarios` ENABLE KEYS */;
UNLOCK TABLES;

--
-- Table structure for table `perfil_1`
--

DROP TABLE IF EXISTS `perfil_1`;
CREATE TABLE `perfil_1` (
  `Codigo` int(11) default NULL,
  `DtsSenha` varchar(50) default NULL,
  `TbSenha` varchar(50) default NULL,
  `ID` varchar(250) default NULL
) ENGINE=InnoDB DEFAULT CHARSET=latin1;

--
-- Dumping data for table `perfil_1`
--

LOCK TABLES `perfil_1` WRITE;
/*!40000 ALTER TABLE `perfil_1` DISABLE KEYS */;
INSERT INTO `perfil_1` VALUES (5,'Garagem.exe','Cadastros1','UcdWc/+KBjTrTLC'),(5,'Garagem.exe','Anotao1','UUd9hcBAqUN'),(5,'Garagem.exe','Cliente1','UcNVZr3bySXJ'),(5,'Garagem.exe','Convenio1','Uc9V1pjrRD/raB'),(5,'Garagem.exe','Empresa1','UENDzRn8YVnB'),(5,'Garagem.exe','Plano1','UQsik2xAJD'),(5,'Garagem.exe','ipodeVeculo1','U0Pr+jG71ubObrbqcB'),(5,'Garagem.exe','Voucher1','UIsJbSQSll2o'),(5,'Garagem.exe','Sair1','UcMMrh5b'),(5,'Garagem.exe','Movimentao1','UktuSpSLeYAqW2IL'),(5,'Garagem.exe','Estacionamento1','UEtEtiQixhqNzEiy89b2KC'),(5,'Garagem.exe','Ferramentas1','UIdVIEHEpatAXmszgC'),(5,'Garagem.exe','Usurios1','UEcCEKlr0SLp'),(5,'Garagem.exe','MudarSenha1','UkNoJNDm1tQVnUwG'),(5,'Garagem.exe','rocarUsurio1','UY+PuajxTB0SbUTjBD'),(3,'Garagem.exe','Cadastros1','SsrDFieiiWU26nF'),(3,'Garagem.exe','Anotao1','SkLvV2pCmmF'),(3,'Garagem.exe','Cliente1','Ss7AqRUu2Ogk'),(3,'Garagem.exe','Plano1','SgachUnl1C'),(3,'Garagem.exe','Sair1','Ssa67Khy'),(3,'Garagem.exe','Movimentao1','SUr9gMvmVfx0CgIV'),(3,'Garagem.exe','Estacionamento1','S07fAZu6LNorCIo9ivvnTA'),(3,'Garagem.exe','Relatrios1','So63L1q/1YdpffJ'),(3,'Garagem.exe','Caixa1','SsrDIy4+KD'),(4,'Garagem.exe','Cadastros1','VAyItRv4pc5WbOM'),(4,'Garagem.exe','Anotao1','VISsRPyZOuM'),(4,'Garagem.exe','Cliente1','VAiLOaLezGu+'),(4,'Garagem.exe','Convenio1','VASL3tdt7k0NSD'),(4,'Garagem.exe','Empresa1','VYCdIO9CWIIa'),(4,'Garagem.exe','Plano1','VMD+elBsKD'),(4,'Garagem.exe','ipodeVeculo1','VoQ921CD52473j4WZD'),(4,'Garagem.exe','Voucher1','VUjXzIQt0lxd'),(4,'Garagem.exe','Sair1','VADSsv2W'),(4,'Garagem.exe','Movimentao1','V4y46wf0G77nhcDq'),(4,'Garagem.exe','Estacionamento1','VYiaTmR1VrSO5jo7YbEklD'),(4,'Garagem.exe','Relatrios1','VETnGfZ1Mj404RL'),(4,'Garagem.exe','Caixa1','VAyIgFGUSD'),(4,'Garagem.exe','Ferramentas1','VUyLIDhjj/wf0T9cnC'),(4,'Garagem.exe','Usurios1','VYzcleE1D2Jo'),(4,'Garagem.exe','MudarSenha1','V4S+uhK5YfoFznpS'),(4,'Garagem.exe','rocarUsurio1','VERREwLw/g1dWycnJD'),(1,'Garagem.exe','Cadastros1','QghqFqJ6QrAXvPJ'),(1,'Garagem.exe','Anotao1','QohB3+arvqE'),(1,'Garagem.exe','Cliente1','Qgxpfk4xt5ta'),(1,'Garagem.exe','Convenio1','QgBpllfGYsV7uB'),(1,'Garagem.exe','Empresa1','Q4Bzaq6UC7Uc'),(1,'Garagem.exe','Plano1','QswIOFHi5B'),(1,'Garagem.exe','ipodeVeculo1','QIjssRrLu7Qk4bWzAD'),(1,'Garagem.exe','Voucher1','Q0wg5S6OufUk'),(1,'Garagem.exe','Sair1','QgQhM8jt'),(1,'Garagem.exe','Movimentao1','QYRQ05RFa620Z5n3'),(1,'Garagem.exe','Estacionamento1','Q4h012ltc8IlWojEtYQAyB'),(1,'Garagem.exe','Relatrios1','Qkw1y5ViAKWuu5C'),(1,'Garagem.exe','Caixa1','QghqI6BDYA'),(1,'Garagem.exe','Ferramentas1','Q0hthX+h10eQWAiICD'),(1,'Garagem.exe','Usurios1','Q4Ay/x6zTa/J'),(1,'Garagem.exe','MudarSenha1','QYxWdelJlrooFW1Q'),(1,'Garagem.exe','rocarUsurio1','Qky7l6wokrgXVu0foA'),(6,'Garagem.exe','Cadastros1','XMU0JaQzGaQ4X7I'),(6,'Garagem.exe','Anotao1','XEUfTeCGsZI'),(6,'Garagem.exe','Cliente1','XME3ieV0e8VJ'),(6,'Garagem.exe','Plano1','XAFQ5WtwyC'),(6,'Garagem.exe','Sair1','XMl9Ak3v'),(6,'Garagem.exe','Movimentao1','X00r8bpcBj13Gdgp'),(6,'Garagem.exe','Estacionamento1','XUkPtn76CkIjGXdDBWLPbC'),(6,'Garagem.exe','Relatrios1','XIVrd6zqYOMQ64N'),(6,'Garagem.exe','Caixa1','XMU0EeyNHC'),(2,'Garagem.exe','Cadastros1','TUoHXw07AGvFLEJ'),(2,'Garagem.exe','Anotao1','TcYdhOx4xsH'),(2,'Garagem.exe','Cliente1','TU4E9T2eNKC3'),(2,'Garagem.exe','Plano1','TYJWZAa0MD'),(2,'Garagem.exe','Sair1','TUJBLpkE'),(2,'Garagem.exe','Movimentao1','TsoOTzXO3Y+rl5Os'),(2,'Garagem.exe','Estacionamento1','TMYkNa1Qj2F+oSnc0Exv9B'),(2,'Garagem.exe','Relatrios1','TQp8dAR5nVGLn+I'),(2,'Garagem.exe','Caixa1','TUoHaA+oXC'),(7,'Garagem.exe','Cadastros1','WIXn/5Pl6O/pAaK'),(7,'Garagem.exe','Anotao1','WAXM/memCNF'),(7,'Garagem.exe','Cliente1','WIHk2jtmJwii'),(7,'Garagem.exe','Plano1','WEmK+JwCIC'),(7,'Garagem.exe','Sair1','WIGdMwyu'),(7,'Garagem.exe','Movimentao1','Ww3YoU7qcDT/wNw5'),(7,'Garagem.exe','Estacionamento1','WQn6TURQqvlFCo+RdLkJ7D'),(7,'Garagem.exe','Relatrios1','WMmhvDuKUf7CwnB'),(7,'Garagem.exe','Caixa1','WIXnyxlDED');
/*!40000 ALTER TABLE `perfil_1` ENABLE KEYS */;
UNLOCK TABLES;

--
-- Table structure for table `perfil_1ex`
--

DROP TABLE IF EXISTS `perfil_1ex`;
CREATE TABLE `perfil_1ex` (
  `Codigo` int(11) default NULL,
  `DtsSenha` varchar(50) default NULL,
  `TbSenha` varchar(50) default NULL,
  `F_Senha` varchar(50) default NULL,
  `ID` varchar(250) default NULL
) ENGINE=InnoDB DEFAULT CHARSET=latin1;

--
-- Dumping data for table `perfil_1ex`
--

LOCK TABLES `perfil_1ex` WRITE;
/*!40000 ALTER TABLE `perfil_1ex` DISABLE KEYS */;
/*!40000 ALTER TABLE `perfil_1ex` ENABLE KEYS */;
UNLOCK TABLES;

--
-- Table structure for table `perfil_usuario`
--

DROP TABLE IF EXISTS `perfil_usuario`;
CREATE TABLE `perfil_usuario` (
  `Codigo` int(11) default NULL,
  `DtsSenha` varchar(50) default NULL,
  `TbSenha` varchar(50) default NULL,
  `ID` varchar(250) default NULL
) ENGINE=InnoDB DEFAULT CHARSET=latin1;

--
-- Dumping data for table `perfil_usuario`
--

LOCK TABLES `perfil_usuario` WRITE;
/*!40000 ALTER TABLE `perfil_usuario` DISABLE KEYS */;
/*!40000 ALTER TABLE `perfil_usuario` ENABLE KEYS */;
UNLOCK TABLES;

--
-- Table structure for table `perfil_usuarioex`
--

DROP TABLE IF EXISTS `perfil_usuarioex`;
CREATE TABLE `perfil_usuarioex` (
  `Codigo` int(11) default NULL,
  `DtsSenha` varchar(50) default NULL,
  `TbSenha` varchar(50) default NULL,
  `F_Senha` varchar(50) default NULL,
  `ID` varchar(250) default NULL
) ENGINE=InnoDB DEFAULT CHARSET=latin1;

--
-- Dumping data for table `perfil_usuarioex`
--

LOCK TABLES `perfil_usuarioex` WRITE;
/*!40000 ALTER TABLE `perfil_usuarioex` DISABLE KEYS */;
/*!40000 ALTER TABLE `perfil_usuarioex` ENABLE KEYS */;
UNLOCK TABLES;

--
-- Table structure for table `tb_anotacao`
--

DROP TABLE IF EXISTS `tb_anotacao`;
CREATE TABLE `tb_anotacao` (
  `codigo` int(11) NOT NULL auto_increment,
  `cod_cliente` int(11) default NULL,
  `placa` varchar(8) default NULL,
  `mensagem` varchar(150) default NULL,
  `permite_entrada` char(1) default NULL,
  `imprimi_cupom` char(1) default NULL,
  `inativo` char(1) default NULL,
  `IDMOVIMENTACAO` int(11) default NULL,
  PRIMARY KEY  (`codigo`),
  KEY `cod_cliente` (`cod_cliente`),
  CONSTRAINT `tb_anotacao_fk` FOREIGN KEY (`cod_cliente`) REFERENCES `tb_cliente` (`codigo`) ON DELETE NO ACTION ON UPDATE NO ACTION
) ENGINE=InnoDB AUTO_INCREMENT=3 DEFAULT CHARSET=latin1;

--
-- Dumping data for table `tb_anotacao`
--

LOCK TABLES `tb_anotacao` WRITE;
/*!40000 ALTER TABLE `tb_anotacao` DISABLE KEYS */;
INSERT INTO `tb_anotacao` VALUES (1,NULL,'DXA-2753','ESTA EM DÉBITO NO VALOR DE SEIS REIAS','N','N','N',NULL),(2,NULL,'CVH-1150','VEICULO FORD KA AZUL ESTA EM DÉBITO DE 2 REAIS','N','N','N',NULL);
/*!40000 ALTER TABLE `tb_anotacao` ENABLE KEYS */;
UNLOCK TABLES;

--
-- Table structure for table `tb_caixa`
--

DROP TABLE IF EXISTS `tb_caixa`;
CREATE TABLE `tb_caixa` (
  `codigo` int(11) NOT NULL auto_increment,
  `descricao` varchar(100) default NULL,
  `tipo` char(1) default NULL,
  `valor_pago` float(15,2) default NULL,
  `fechado` char(1) default NULL,
  `dt_entrada` date default NULL,
  `valor_saida` float(15,2) default NULL,
  `IDMOVIMENTACAO` int(11) default NULL,
  PRIMARY KEY  (`codigo`)
) ENGINE=InnoDB AUTO_INCREMENT=943 DEFAULT CHARSET=latin1;

--
-- Dumping data for table `tb_caixa`
--

LOCK TABLES `tb_caixa` WRITE;
/*!40000 ALTER TABLE `tb_caixa` DISABLE KEYS */;
INSERT INTO `tb_caixa` VALUES (1,'SALDO INICIAL DIA 06/09','L',60.00,'F','2017-09-06',NULL,NULL),(2,'FORD KA PRATA','A',3.00,'F','2017-09-06',NULL,1),(3,NULL,'L',NULL,'F','2017-09-06',NULL,NULL),(4,'MALOTE 2 - MOVIMENTO DO DIA 06/09/2017 - ENTREGA NA RECEPÇÃO','L',NULL,'F','2017-09-06',3.00,NULL),(5,'SALDO INICIAL DE CAIXA ','L',60.00,'F','2017-09-08',NULL,NULL),(6,'UNO VINHO','A',2.00,'F','2017-09-08',NULL,3),(7,'GOLF BRANCO','A',6.00,'F','2017-09-08',NULL,2),(8,'SALDO INICIAL DE CAIXA 09/09/2017','L',60.00,'F','2017-09-09',NULL,NULL),(9,'SALDO INICIAL DE CAIXA 11/09/2017','L',60.00,'F','2017-09-11',NULL,NULL),(10,'SANTANA VERDE','A',3.00,'F','2017-09-11',NULL,4),(11,'SALDO INICIAL DE CAIXA 12/09/2017','L',60.00,'F','2017-09-12',NULL,NULL),(12,'ASTRA PRATA','A',2.00,'F','2017-09-12',NULL,5),(13,'SALDO INICIAL DE CAIXA 13/09/2017','L',60.00,'F','2017-09-13',NULL,NULL),(14,'HB 20 BRANCO','A',6.00,'F','2017-09-13',NULL,6),(15,'SALDO INICIAL DE CAIXA 14/09/2017','L',60.00,'F','2017-09-14',NULL,NULL),(16,'PARATY PRATA','A',6.00,'F','2017-09-14',NULL,7),(17,'SANG YONG PRETA','A',9.00,'F','2017-09-14',NULL,8),(18,'FIESTA PRETO','A',6.00,'F','2017-09-14',NULL,9),(19,'CORSA PRATA','A',9.00,'F','2017-09-14',NULL,10),(20,'SALDO INICIAL DE CAIXA 15/09/2017','L',60.00,'F','2017-09-15',NULL,NULL),(21,'UNO PRETO','A',2.00,'F','2017-09-15',NULL,11),(22,'SALDO INICIAL DE CAIXA 16/09/2017','L',60.00,'F','2017-09-16',NULL,NULL),(23,'SALDO INICIAL DE CAIXA 18/09/2017','L',60.00,'F','2017-09-18',NULL,NULL),(24,'TUCSON PRATA','A',6.00,'F','2017-09-18',NULL,12),(25,'ASTRA PRATA','A',6.00,'F','2017-09-18',NULL,13),(26,'SALDO INICIAL DE CAIXA 19/09/2017','L',60.00,'F','2017-09-19',NULL,NULL),(27,'FIESTA BRANCO','A',3.00,'F','2017-09-19',NULL,14),(28,'SALDO INICIAL DE CAIXA 20/09/2017','L',60.00,'F','2017-09-20',NULL,NULL),(29,'POLO PRATA','A',6.00,'F','2017-09-20',NULL,15),(30,'PICKUP MITSUBISH PRATA','A',9.00,'F','2017-09-20',NULL,16),(31,'SALDO INICIAL DE CAIXA 21/09/2017','L',60.00,'F','2017-09-21',NULL,NULL),(32,'HIR PRETO','A',2.00,'F','2017-09-21',NULL,17),(33,'GOL PRATA','A',6.00,'F','2017-09-21',NULL,18),(34,'SPACE WAGON PRATA','A',3.00,'F','2017-09-21',NULL,19),(35,'HONDA CITY','A',6.00,'F','2017-09-21',NULL,20),(36,'SALDO INICIAL DE CAIXA 22/09/2017','L',60.00,'F','2017-09-22',NULL,NULL),(37,'PICKUP MITSUBISH PRATA','A',6.00,'F','2017-09-22',NULL,21),(38,'CORSA CLASSIC PRATA','A',3.00,'F','2017-09-22',NULL,22),(39,'SALDO INICIAL DE CAIXA 23/09/2017','L',60.00,'F','2017-09-23',NULL,NULL),(40,'SALDO INICIAL DE CAIXA 25/09/2017','L',60.00,'F','2017-09-25',NULL,NULL),(41,'CIVIC VERDE','A',9.00,'F','2017-09-25',NULL,23),(42,'SALDO INICIAL DE CAIXA 26/09/2017','L',60.00,'F','2017-09-26',NULL,NULL),(43,'KIA SPORTAGE BRANCA','A',3.00,'F','2017-09-26',NULL,25),(44,'ENTRADA NÃO AUTOMÁTICA DE R$6,00 - LANÇAMENTO MANUAL (CIVIC PRATA EAC-2278 26/09/2017 11:11 A 12:30 ','L',6.00,'F','2017-09-26',NULL,NULL),(45,'SALDO INICIAL DE CAIXA 27/09/2017','L',60.00,'F','2017-09-27',NULL,NULL),(46,'CORSA CLASSIC PRATA','A',3.00,'F','2017-09-27',NULL,26),(47,'SALDO INICIAL DE CAIXA 28/09/2017','L',60.00,'F','2017-09-28',NULL,NULL),(48,'SPACE CROSS PRETO','A',2.00,'F','2017-09-28',NULL,27),(49,'VECTRA PRATA','A',2.00,'F','2017-09-28',NULL,28),(50,'CIVIC BRANCO','A',2.00,'F','2017-09-28',NULL,29),(51,'FOX PRETO','A',2.00,'F','2017-09-28',NULL,30),(52,'COROLLA BRANCO','A',15.00,'F','2017-09-28',NULL,31),(53,'SALDO INICIAL DE CAIXA 29/09/2017','L',60.00,'F','2017-09-29',NULL,NULL),(54,'COROLLA PRATA','A',6.00,'F','2017-09-29',NULL,32),(55,'HILUX','A',3.00,'F','2017-09-29',NULL,33),(56,'SALDO INICIAL DE CAIXA 30/09/2017','L',60.00,'F','2017-09-30',NULL,NULL),(57,'SALDO INICIAL DE CAIXA 02/10/2017','L',60.00,'F','2017-10-02',NULL,NULL),(58,'FORD KA','A',3.00,'F','2017-10-02',NULL,34),(59,'HVR PRETO','A',3.00,'F','2017-10-02',NULL,36),(60,'S10 PRATA','A',3.00,'F','2017-10-02',NULL,37),(61,'AMAROK BRANCA','A',6.00,'F','2017-10-02',NULL,38),(62,'FORD KA','A',6.00,'F','2017-10-02',NULL,39),(63,'SALDO INICIAL DE CAIXA 03/10/2017','L',60.00,'F','2017-10-03',NULL,NULL),(64,'AUDI PRETO','A',2.00,'F','2017-10-03',NULL,41),(65,'SPACE FOX PRATA','A',3.00,'F','2017-10-03',NULL,40),(66,'FOCUS PRATA','A',2.00,'F','2017-10-03',NULL,43),(67,'GOL VERDE','A',2.00,'F','2017-10-03',NULL,42),(68,'ASTRA BRANCO','A',3.00,'F','2017-10-03',NULL,45),(69,'CITROEN C3 PRATA','A',6.00,'F','2017-10-03',NULL,46),(70,'AMAROK BRANCA','A',6.00,'F','2017-10-03',NULL,47),(71,'HONDA CRV BRANCO','A',18.00,'F','2017-10-03',NULL,48),(72,'SALDO INICIAL DE CAIXA 04/10/2017','L',60.00,'F','2017-10-04',NULL,NULL),(73,'SALDO INICIAL DE CAIXA 05/10/2017','L',60.00,'F','2017-10-05',NULL,NULL),(74,'SPACE CROSS PRETO','A',3.00,'F','2017-10-05',NULL,49),(75,'TRUCKER BRANCO','A',3.00,'F','2017-10-05',NULL,50),(76,'S10 BRANCA','A',2.00,'F','2017-10-05',NULL,52),(77,'COROLLA BRANCO','A',12.00,'F','2017-10-05',NULL,51),(78,'SALDO INICIAL DE CAIXA 06/10/2017','L',60.00,'F','2017-10-06',NULL,NULL),(79,'HONDA CITY CINZA','A',9.00,'F','2017-10-06',NULL,53),(80,'CERATO','A',3.00,'F','2017-10-06',NULL,54),(81,'SALDO INICIAL DE CAIXA 07/10/2017','L',60.00,'F','2017-10-07',NULL,NULL),(82,'SALDO INICIAL DE CAIXA 09/10/2017','L',60.00,'F','2017-10-09',NULL,NULL),(83,'S10 PRATA','A',6.00,'F','2017-10-09',NULL,55),(84,'COROLLA PRETO','A',6.00,'F','2017-10-09',NULL,56),(85,'SALDO INICIAL DE CAIXA 10/10/2017','L',60.00,'F','2017-10-10',NULL,NULL),(86,'COROLLA PRETO','A',6.00,'F','2017-10-10',NULL,57),(87,'TRITON PRATA','A',6.00,'F','2017-10-10',NULL,58),(88,'COROLLA PRETO','A',9.00,'F','2017-10-10',NULL,59),(89,'HONDA CRV BRANCO','A',9.00,'F','2017-10-10',NULL,60),(90,'SALDO INICIAL DE CAIXA 11/10/2017','L',60.00,'F','2017-10-11',NULL,NULL),(91,'POLO PRATA','A',2.00,'F','2017-10-11',NULL,61),(92,'SALDO INICIAL DE CAIXA 13/10/2017','L',60.00,'F','2017-10-13',NULL,NULL),(93,'SALDO INICIAL DE CAIXA 14/10/2017','L',60.00,'F','2017-10-14',NULL,NULL),(94,'SALDO INICIAL DE CAIXA 16/10/2017','L',60.00,'F','2017-10-16',NULL,NULL),(95,'S10 PRATA','A',6.00,'F','2017-10-16',NULL,62),(96,'COROLLA PRATA','A',9.00,'F','2017-10-16',NULL,63),(97,'COROLLA PRATA','A',6.00,'F','2017-10-16',NULL,64),(98,'SALDO INICIAL DE CAIXA 17/10/2017','L',60.00,'F','2017-10-17',NULL,NULL),(99,'VOLVO BRANCO','A',12.00,'F','2017-10-17',NULL,65),(100,'SALDO INICIAL DE CAIXA 18/10/2017','L',60.00,'F','2017-10-18',NULL,NULL),(101,'AMAROK PRATA','A',6.00,'F','2017-10-18',NULL,66),(102,'HILUX PRETA','A',2.00,'F','2017-10-18',NULL,67),(103,'SALDO INICIAL DE CAIXA 19/10/2017','L',60.00,'F','2017-10-19',NULL,NULL),(104,'SPACE CROSS PRETO','A',3.00,'F','2017-10-19',NULL,68),(105,'HONDA CRV BRANCO','A',3.00,'F','2017-10-19',NULL,69),(106,'ONIX PRATA','A',3.00,'F','2017-10-19',NULL,70),(107,'SPACE CROSS PRETO','A',3.00,'F','2017-10-19',NULL,71),(108,'SALDO INICIAL DE CAIXA 20/10/2017','L',60.00,'F','2017-10-20',NULL,NULL),(109,'SALDO INICIAL DE CAIXA 21/10/2017','L',60.00,'F','2017-10-21',NULL,NULL),(110,'SALDO INICIAL DE CAIXA 23/10/2017','L',NULL,'F','2017-10-23',NULL,NULL),(111,'SALDO INICIAL DE CAIXA 23/10/2017','L',60.00,'F','2017-10-23',NULL,NULL),(112,'S10 PRATA','A',6.00,'F','2017-10-23',NULL,72),(113,'FORD KA PRATA','A',6.00,'F','2017-10-23',NULL,73),(114,'CORSA CLASSIC PRATA','A',6.00,'F','2017-10-23',NULL,74),(115,'SALDO INICIAL DE CAIXA 24/10/2017','L',60.00,'F','2017-10-24',NULL,NULL),(116,'FIAT UNO CINZA','A',3.00,'F','2017-10-24',NULL,75),(117,'COBALT PRETO','A',3.00,'F','2017-10-24',NULL,76),(118,'SALDO INICIAL DE CAIXA 25/10/2017','L',60.00,'F','2017-10-25',NULL,NULL),(119,'STRADA PRETA','A',2.00,'F','2017-10-25',NULL,77),(120,'IX PRETA','A',2.00,'F','2017-10-25',NULL,79),(121,'ONIX PRATA','A',6.00,'F','2017-10-25',NULL,80),(122,'FOX BRANCO','A',15.00,'F','2017-10-25',NULL,78),(123,'FOX BRANCO','A',9.00,'F','2017-10-25',NULL,81),(124,'SALDO INICIAL DE CAIXA 26/10/2017','L',60.00,'F','2017-10-26',NULL,NULL),(125,'SPACE CROSS PRETO','A',6.00,'F','2017-10-26',NULL,82),(126,'CORSA CLASSIC','A',2.00,'F','2017-10-26',NULL,84),(127,'FOX BRANCO','A',24.00,'F','2017-10-26',NULL,83),(128,'SALDO INICIAL DE CAIXA 27/10/2017','L',60.00,'F','2017-10-27',NULL,NULL),(129,'SALDO INICIAL DE CAIXA 28/10/2017','L',60.00,'F','2017-10-28',NULL,NULL),(130,'SALDO INICIAL DE CAIXA 30/10/2017','L',60.00,'F','2017-10-30',NULL,NULL),(131,'GOL PRETO','A',9.00,'F','2017-10-30',NULL,86),(132,'SALDO INICIAL DE CAIXA 31/10/2017','L',60.00,'F','2017-10-31',NULL,NULL),(133,'PRISMA BRANCO','A',6.00,'F','2017-10-31',NULL,87),(134,'HONDA CRV BRANCO','A',6.00,'F','2017-10-31',NULL,88),(135,'SALDO INICIAL DE CAIXA 01/11/2017','L',60.00,'F','2017-11-01',NULL,NULL),(136,'SALDO INICIAL DE CAIXA 03/11/2017','L',60.00,'F','2017-11-03',NULL,NULL),(137,'GOLF PRETO','A',9.00,'F','2017-11-03',NULL,89),(138,'SALDO INICIAL DE CAIXA 04/11/2017','L',60.00,'F','2017-11-04',NULL,NULL),(139,'SALDO INICIAL DE CAIXA 06/11/2017','L',60.00,'F','2017-11-06',NULL,NULL),(140,'S10 PRATA','A',6.00,'F','2017-11-06',NULL,90),(141,'HRV CINZA','A',3.00,'F','2017-11-06',NULL,91),(142,'SPORTAGE PRETA','A',6.00,'F','2017-11-06',NULL,92),(143,'CAMINHONETE FORD PRATA F1000','A',3.00,'F','2017-11-06',NULL,93),(144,'SALDO INICIAL DE CAIXA 07/11/2017','L',60.00,'F','2017-11-07',NULL,NULL),(145,'MERCEDES A 190 PRATA','A',6.00,'F','2017-11-07',NULL,94),(146,'S10 PRATA','A',6.00,'F','2017-11-07',NULL,95),(147,'SALDO INICIAL DE CAIXA 08/11/2017','L',60.00,'F','2017-11-08',NULL,NULL),(148,'SAVEIRO DOURADA','A',3.00,'F','2017-11-08',NULL,96),(149,'FOX PRETO','A',2.00,'F','2017-11-08',NULL,97),(150,'SALDO DE CAIXA INICIAL 09/11/2017','L',60.00,'A','2012-11-09',NULL,NULL),(151,'SALDO INICIAL DE CAIXA 09/11/2017','L',60.00,'F','2017-11-09',NULL,NULL),(153,'SPACE CROSS PRETO','A',3.00,'F','2017-11-09',NULL,99),(154,'MERCEDES A 190 PRATA','A',2.00,'F','2017-11-09',NULL,100),(155,'KIA CINZA','A',2.00,'F','2017-11-09',NULL,101),(156,'FOX PRATA','A',3.00,'F','2017-11-09',NULL,102),(157,'COROLLA PRETO','A',9.00,'F','2017-11-09',NULL,103),(158,'ASTRA BRANCO','A',2.00,'F','2017-11-09',NULL,105),(159,'FOX BRANCO','A',2.00,'F','2017-11-09',NULL,108),(160,'CORSA CLASSIC PRETO','A',12.00,'F','2017-11-09',NULL,107),(161,'PALIO BRANCO','A',18.00,'F','2017-11-09',NULL,106),(162,'SALDO INICIAL DE CAIXA 10/11/2017','L',60.00,'F','2017-11-10',NULL,NULL),(163,'MERIVA PRATA','A',6.00,'F','2017-11-10',NULL,109),(164,'GOL PRATA','A',2.00,'F','2017-11-10',NULL,110),(165,'PICK UP MITHISUBICH','A',2.00,'F','2017-11-10',NULL,111),(166,'SALDO INICIAL DE CAIXA 11/11/2017','L',60.00,'F','2017-11-11',NULL,NULL),(167,'SALDO INICIAL DE CAIXA 13/11/2017','L',60.00,'F','2017-11-13',NULL,NULL),(168,'COROLLA PRATA','A',3.00,'F','2017-11-13',NULL,112),(169,'PRISMA PRATA','A',6.00,'F','2017-11-13',NULL,113),(170,'SUZUKI PRETO','A',3.00,'F','2017-11-13',NULL,114),(171,'SALDO INICIAL DE CAIXA 14/11/2017','L',60.00,'F','2017-11-14',NULL,NULL),(172,'CIVIC VERDE','A',6.00,'F','2017-11-14',NULL,115),(173,'TUWISTER PRETA','A',4.00,'F','2017-11-14',NULL,116),(174,'PRISMA PRATA','A',6.00,'F','2017-11-14',NULL,117),(175,'SALDO INICIAL DE CAIXA 16/11/2017','L',60.00,'F','2017-11-16',NULL,NULL),(176,'SPACE CROSS PRETO','A',3.00,'F','2017-11-16',NULL,118),(177,'S10 PRATA','A',3.00,'F','2017-11-16',NULL,119),(178,'PALIO PRATA','A',6.00,'F','2017-11-16',NULL,120),(179,'GOL PRATA','A',6.00,'F','2017-11-16',NULL,121),(180,'HB20 PRATA','A',6.00,'F','2017-11-16',NULL,122),(181,'MOHAVE KIA CINZA','A',3.00,'F','2017-11-16',NULL,123),(182,'CORSA PRATA','A',6.00,'F','2017-11-16',NULL,125),(183,'PEGEAUT VERDE','A',2.00,'F','2017-11-16',NULL,127),(184,'ONIX BRANCO','A',2.00,'F','2017-11-16',NULL,128),(185,'HONDA CRV BRANCO','A',9.00,'F','2017-11-16',NULL,124),(186,'FORD EDGE BRANCO','A',9.00,'F','2017-11-16',NULL,129),(187,'GOL PRATA','A',15.00,'F','2017-11-16',NULL,126),(188,'SALDO INICIAL DE CAIXA 17/11/2017','L',60.00,'F','2017-11-17',NULL,NULL),(189,'UNO BRANCO','A',6.00,'F','2017-11-17',NULL,130),(190,'GOL PRATA','A',6.00,'F','2017-11-17',NULL,131),(191,'SALDO INICIAL DE CAIXA 18/11/2017','L',60.00,'F','2017-11-18',NULL,NULL),(192,'SALDO INICIAL DE CAIXA 20/11/2017','L',60.00,'F','2017-11-20',NULL,NULL),(193,'VERSALLES AZUL','A',2.00,'F','2017-11-20',NULL,132),(194,'FOX CINZA','A',3.00,'F','2017-11-20',NULL,134),(195,'CRUZE PRATA','A',6.00,'F','2017-11-20',NULL,133),(196,'ECOSPORT BRANCA','A',9.00,'F','2017-11-20',NULL,135),(197,'SALDO INICIAL DE CAIXA 21/11/2017','L',60.00,'F','2017-11-21',NULL,NULL),(198,'GOL VERDE','A',3.00,'F','2017-11-21',NULL,136),(199,'PAGERO PRATA','A',2.00,'F','2017-11-21',NULL,137),(200,'ONIX BRANCO','A',9.00,'F','2017-11-21',NULL,138),(201,'COBALT CINZA','A',6.00,'F','2017-11-21',NULL,139),(202,'SALDO INICIAL DE CAIXA 22/11/2017','L',60.00,'F','2017-11-22',NULL,NULL),(203,'HILUX PRETA','A',2.00,'F','2017-11-22',NULL,140),(204,'SW4 TOYOTA','A',2.00,'F','2017-11-22',NULL,142),(205,'HRV PRETA','A',6.00,'F','2017-11-22',NULL,141),(206,'VECTRA PRETO','A',2.00,'F','2017-11-22',NULL,144),(207,'COROLLA PRATA','A',9.00,'F','2017-11-22',NULL,143),(208,'RENAULT SYMBOL PRATA','A',3.00,'F','2017-11-22',NULL,145),(209,'SALDO INICIAL DE CAIXA 23/11/2017','L',60.00,'F','2017-11-23',NULL,NULL),(210,'SPACE CROSS PRETO','A',3.00,'F','2017-11-23',NULL,146),(211,'CIVYC PRATA','A',3.00,'F','2017-11-23',NULL,147),(212,'FIESTA PRATA','A',6.00,'F','2017-11-23',NULL,148),(213,'VOLVO BRANCO','A',6.00,'F','2017-11-23',NULL,150),(214,'FIESTA PRETO','A',6.00,'F','2017-11-23',NULL,149),(215,'AGILE PRETO','A',9.00,'F','2017-11-23',NULL,151),(216,'SALDO INICIAL DE CAIXA 24/11/2017','L',60.00,'F','2017-11-24',NULL,NULL),(217,'COROLLA PRETO','A',6.00,'F','2017-11-24',NULL,153),(218,'GOL BRANCO','A',3.00,'F','2017-11-24',NULL,154),(219,'GOL PRATA','A',2.00,'F','2017-11-24',NULL,155),(220,'SALDO INICIAL DE CAIXA 25/11/2017','L',60.00,'F','2017-11-25',NULL,NULL),(221,'SALDO INICIAL DE CAIXA 27/11/2017','L',60.00,'F','2017-11-27',NULL,NULL),(222,'POLO PRETO','A',6.00,'F','2017-11-27',NULL,156),(223,'S10 PRATA','A',3.00,'F','2017-11-27',NULL,158),(224,'ASTRA PRETO','A',6.00,'F','2017-11-27',NULL,157),(225,'SPACEFOX PRETO','A',3.00,'F','2017-11-27',NULL,159),(226,'CRUZE BRANCO','A',6.00,'F','2017-11-27',NULL,160),(227,'GOL PRETO','A',2.00,'F','2017-11-27',NULL,161),(228,'SALDO INICIAL DE CAIXA 28/11/2017','L',60.00,'F','2017-11-28',NULL,NULL),(229,'COBALT PRATA','A',3.00,'F','2017-11-28',NULL,164),(230,'ECOSPORT PRETO','A',15.00,'F','2017-11-28',NULL,163),(231,'SALDO INICIAL DE CAIXA 29/11/2017','L',60.00,'F','2017-11-29',NULL,NULL),(232,'COROLLA PRATA','A',3.00,'F','2017-11-29',NULL,165),(233,'COROLLA CINZA','A',6.00,'F','2017-11-29',NULL,167),(234,'SALDO INICIAL DE CAIXA 30/11/2017','L',60.00,'F','2017-11-30',NULL,NULL),(235,'SPACE CROSS PRETO','A',3.00,'F','2017-11-30',NULL,168),(236,'ELANTRA PRETO','A',9.00,'F','2017-11-30',NULL,169),(237,'SALDO INICIAL DE CAIXA 01/12/2017','L',60.00,'F','2017-12-01',NULL,NULL),(238,'CRUZE PRETO','A',3.00,'F','2017-12-01',NULL,170),(239,'S10 PRATA','A',2.00,'F','2017-12-01',NULL,171),(240,'COBALT CINZA','A',3.00,'F','2017-12-01',NULL,173),(241,'S10 PRATA','A',9.00,'F','2017-12-01',NULL,172),(242,'TOYOTA ETIOS PRATA','A',6.00,'F','2017-12-01',NULL,174),(243,'SALDO INICIAL DE CAIXA 02/12/2017','L',60.00,'F','2017-12-02',NULL,NULL),(244,'SALDO INICIAL DE CAIXA 04/12/2017','L',60.00,'F','2017-12-04',NULL,NULL),(245,'HILUX PRETA','A',3.00,'F','2017-12-04',NULL,176),(246,'S10 PRATA','A',3.00,'F','2017-12-04',NULL,177),(247,'HONDA CRV BRANCO','A',15.00,'F','2017-12-04',NULL,175),(248,'VERANEIO PRATA','A',2.00,'F','2017-12-04',NULL,178),(249,'SALDO INICIAL DE CAIXA 05/12/2017','L',60.00,'F','2017-12-05',NULL,NULL),(250,'SAIDA DO VEICULO (FIG-3484)','A',2.00,'F','2017-12-05',NULL,180),(251,'SAIDA DO VEICULO (ENP-6690)','A',9.00,'F','2017-12-05',NULL,179),(252,'SALDO INICIAL DE CAIXA 06/12/2017','L',60.00,'F','2017-12-06',NULL,NULL),(253,'SAIDA DO VEICULO (FJE-0771)','A',2.00,'F','2017-12-06',NULL,185),(254,'SAIDA DO VEICULO (GIO-2887)','A',3.00,'F','2017-12-06',NULL,188),(255,'SAIDA DO VEICULO (CXC-9692)','A',3.00,'F','2017-12-06',NULL,191),(256,'SAIDA DO VEICULO (EDA-2710)','A',6.00,'F','2017-12-06',NULL,189),(257,'SAIDA DO VEICULO (CEH-2379)','A',12.00,'F','2017-12-06',NULL,190),(258,'SAIDA DO VEICULO (BJM-5961)','A',6.00,'F','2017-12-06',NULL,192),(259,'SALDO INICIAL DE CAIXA 07/12/2017','L',60.00,'F','2017-12-07',NULL,NULL),(260,'SAIDA DO VEICULO (FKI-8366)','A',3.00,'F','2017-12-07',NULL,197),(261,'SAIDA DO VEICULO (CWJ-3100)','A',2.00,'F','2017-12-07',NULL,199),(262,'SAIDA DO VEICULO (FSG-9109)','A',2.00,'F','2017-12-07',NULL,202),(263,'SAIDA DO VEICULO (MVN-7023)','A',9.00,'F','2017-12-07',NULL,200),(264,'SAIDA DO VEICULO (FJE-0771)','A',6.00,'F','2017-12-07',NULL,204),(265,'SAIDA DO VEICULO (EDM-5343)','A',6.00,'F','2017-12-07',NULL,205),(266,'SAIDA DO VEICULO (AYU-8280)','A',9.00,'F','2017-12-07',NULL,203),(267,'SALDO INICIAL DE CAIXA 08/12/2017','L',60.00,'F','2017-12-08',NULL,NULL),(268,'SAIDA DO VEICULO (FTH-4851)','A',2.00,'F','2017-12-08',NULL,210),(269,'SAIDA DO VEICULO (BEZ-0885)','A',2.00,'F','2017-12-08',NULL,208),(270,'SAIDA DO VEICULO (FMF-8408)','A',3.00,'F','2017-12-08',NULL,209),(271,'SALDO INICIAL DE CAIXA 09/12/2017','L',60.00,'F','2017-12-09',NULL,NULL),(272,'SALDO INICIAL DE CAIXA 11/12/2017','L',60.00,'F','2017-12-11',NULL,NULL),(273,'SAIDA DO VEICULO (EIJ-9827)','A',12.00,'F','2017-12-11',NULL,216),(274,'SAIDA DO VEICULO (DCB-0014)','A',15.00,'F','2017-12-11',NULL,219),(275,'SAIDA DO VEICULO (BUX-3303)','A',12.00,'F','2017-12-11',NULL,220),(276,'SAIDA DO VEICULO (FRC-1796)','A',6.00,'F','2017-12-11',NULL,221),(277,'SAIDA DO VEICULO (PXJ-5874)','A',2.00,'F','2017-12-11',NULL,222),(278,'SALDO INICIAL DE CAIXA 12/12/2017','L',60.00,'F','2017-12-12',NULL,NULL),(279,'SAIDA DO VEICULO (CZX-6374)','A',3.00,'F','2017-12-12',NULL,231),(280,'SAIDA DO VEICULO (HCU-7891)','A',9.00,'F','2017-12-12',NULL,230),(281,'SAIDA DO VEICULO (DKB-5852)','A',6.00,'F','2017-12-12',NULL,232),(282,'SAIDA DO VEICULO (EYZ-6055)','A',9.00,'F','2017-12-12',NULL,234),(283,'SAIDA DO VEICULO (ERY-6140)','A',15.00,'F','2017-12-12',NULL,235),(284,'SALDO INICIAL DE CAIXA 13/12/2017','L',60.00,'F','2017-12-13',NULL,NULL),(285,'SAIDA DO VEICULO (GEQ-4303)','A',12.00,'F','2017-12-13',NULL,239),(286,'SALDO INICIAL DE CAIXA 14/12/2017','L',60.00,'F','2017-12-14',NULL,NULL),(287,'SAIDA DO VEICULO (FKI-8366)','A',3.00,'F','2017-12-14',NULL,243),(288,'SAIDA DO VEICULO (GJZ-7190)','A',2.00,'F','2017-12-14',NULL,245),(289,'SAIDA DO VEICULO (FSP-0274)','A',3.00,'F','2017-12-14',NULL,244),(290,'SAIDA DO VEICULO (GGQ-9298)','A',3.00,'F','2017-12-14',NULL,246),(291,'SAIDA DO VEICULO (BUX-3303)','A',6.00,'F','2017-12-14',NULL,248),(292,'SAIDA DO VEICULO (FGG-3955)','A',3.00,'F','2017-12-14',NULL,250),(293,'SAIDA DO VEICULO (FZP-0580)','A',6.00,'F','2017-12-14',NULL,249),(294,'SALDO INICIAL DE CAIXA 15/12/2017','L',60.00,'F','2017-12-15',NULL,NULL),(295,'SAIDA DO VEICULO (FOJ-4846)','A',9.00,'F','2017-12-15',NULL,254),(296,'SAIDA DO VEICULO (FOJ-5440)','A',3.00,'F','2017-12-15',NULL,256),(297,'SALDO INICIAL DE CAIXA 16/12/2017','L',60.00,'F','2017-12-16',NULL,NULL),(298,'SALDO INICIAL DE CAIXA 18/12/2017','L',60.00,'F','2017-12-18',NULL,NULL),(299,'SAIDA DO VEICULO (GFU-2930)','A',3.00,'F','2017-12-18',NULL,262),(300,'SAIDA DO VEICULO (GJK-5667)','A',3.00,'F','2017-12-18',NULL,263),(301,'SAIDA DO VEICULO (GEQ-4303)','A',6.00,'F','2017-12-18',NULL,265),(302,'SAIDA DO VEICULO (FAO-6309)','A',9.00,'F','2017-12-18',NULL,264),(303,'SAIDA DO VEICULO (CJG-1103)','A',6.00,'F','2017-12-18',NULL,266),(304,'SAIDA DO VEICULO (EAP-7886)','A',6.00,'F','2017-12-18',NULL,267),(305,'SALDO INICIAL DE CAIXA 19/12/2017','L',60.00,'F','2017-12-19',NULL,NULL),(306,'SAIDA DO VEICULO (FGK-1193)','A',6.00,'F','2017-12-19',NULL,273),(307,'SAIDA DO VEICULO (FRK-6450)','A',6.00,'F','2017-12-19',NULL,274),(308,'SAIDA DO VEICULO (PZO-3298)','A',6.00,'F','2017-12-19',NULL,275),(309,'SALDO INICIAL DE CAIXA 20/12/2017','L',60.00,'F','2017-12-20',NULL,NULL),(310,'SAIDA DO VEICULO (FGR-9488)','A',2.00,'F','2017-12-20',NULL,281),(311,'SAIDA DO VEICULO (BKF-3956)','A',3.00,'F','2017-12-20',NULL,282),(312,'SAIDA DO VEICULO (EDA-2710)','A',6.00,'F','2017-12-20',NULL,283),(313,'SALDO INICIAL DE CAIXA 21/12/2017','L',60.00,'F','2017-12-21',NULL,NULL),(314,'SAIDA DO VEICULO (FKI-8366)','A',3.00,'F','2017-12-21',NULL,291),(315,'SAIDA DO VEICULO (EYZ-5959)','A',3.00,'F','2017-12-21',NULL,296),(316,'SAIDA DO VEICULO (BLM-1295)','A',3.00,'F','2017-12-21',NULL,294),(317,'SAIDA DO VEICULO (CEH-0282)','A',6.00,'F','2017-12-21',NULL,290),(318,'SAIDA DO VEICULO (CZI-7797)','A',9.00,'F','2017-12-21',NULL,293),(319,'SAIDA DO VEICULO (EAB-1989)','A',9.00,'F','2017-12-21',NULL,292),(320,'SAIDA DO VEICULO (FKI-8366)','A',3.00,'F','2017-12-21',NULL,297),(321,'SAIDA DO VEICULO (OPD-1230)','A',2.00,'F','2017-12-21',NULL,299),(322,'SAIDA DO VEICULO (FNJ-4051)','A',9.00,'F','2017-12-21',NULL,298),(323,'SALDO INICIAL DE CAIXA 22/12/2017','L',60.00,'F','2017-12-22',NULL,NULL),(324,'SAIDA DO VEICULO (EYF-6298)','A',2.00,'F','2017-12-22',NULL,305),(325,'SAIDA DO VEICULO (FZC-5721)','A',3.00,'F','2017-12-22',NULL,307),(326,'SAIDA DO VEICULO (FOE-0229)','A',9.00,'F','2017-12-22',NULL,308),(327,'SAIDA DO VEICULO (EKW-5229)','A',3.00,'F','2017-12-22',NULL,310),(328,'SAIDA DO VEICULO (FJK-0770)','A',9.00,'F','2017-12-22',NULL,309),(329,'SALDO INICIAL DE CAIXA 26/12/2017','L',60.00,'F','2017-12-26',NULL,NULL),(330,'SAIDA DO VEICULO (FVA-3553)','A',6.00,'F','2017-12-26',NULL,317),(331,'SAIDA DO VEICULO (CEH-4697)','A',9.00,'F','2017-12-26',NULL,318),(332,'SALDO INICIAL DE CAIXA 27/12/2017','L',60.00,'F','2017-12-27',NULL,NULL),(333,'SAIDA DO VEICULO (DUN-6568)','A',2.00,'F','2017-12-27',NULL,323),(334,'SAIDA DO VEICULO (EAQ-3235)','A',3.00,'F','2017-12-27',NULL,324),(335,'SAIDA DO VEICULO (FGG-5412)','A',2.00,'F','2017-12-27',NULL,326),(336,'SAIDA DO VEICULO (FER-6640)','A',3.00,'F','2017-12-27',NULL,327),(337,'SAIDA DO VEICULO (FUK-5051)','A',6.00,'F','2017-12-27',NULL,328),(338,'SALDO INICIAL DE CAIXA 28/12/2017','L',60.00,'F','2017-12-28',NULL,NULL),(339,'SAIDA DO VEICULO (FUH-6790)','A',3.00,'F','2017-12-28',NULL,334),(340,'SALDO INICIAL DE CAIXA 29/12/2017','L',60.00,'F','2017-12-29',NULL,NULL),(341,'SAIDA DO VEICULO (FDK-7768)','A',2.00,'F','2017-12-29',NULL,339),(342,'SAIDA DO VEICULO (FQL-7247)','A',6.00,'F','2017-12-29',NULL,340),(343,'SALDO INICIAL DE CAIXA 30/12/2017','L',60.00,'F','2017-12-30',NULL,NULL),(344,'SALDO INICIAL DE CAIXA 02/01/2018','L',60.00,'F','2018-01-02',NULL,NULL),(345,'SAIDA DO VEICULO (DXV-8379)','A',3.00,'F','2018-01-02',NULL,345),(346,'SAIDA DO VEICULO (FDK-7768)','A',6.00,'F','2018-01-02',NULL,346),(347,'SAIDA DO VEICULO (GII-5972)','A',2.00,'F','2018-01-02',NULL,348),(348,'SALDO INICIAL DE CAIXA 03/01/2018','L',60.00,'F','2018-01-03',NULL,NULL),(349,'SAIDA DO VEICULO (FLQ-5808)','A',2.00,'F','2018-01-03',NULL,351),(350,'SAIDA DO VEICULO (GJK-5667)','A',3.00,'F','2018-01-03',NULL,352),(351,'SAIDA DO VEICULO (CDU-5007)','A',6.00,'F','2018-01-03',NULL,353),(352,'SAIDA DO VEICULO (DQT-1433)','A',2.00,'F','2018-01-03',NULL,354),(353,'SAIDA DO VEICULO (DUQ-5447)','A',6.00,'F','2018-01-03',NULL,355),(354,'SALDO INICIAL DE CAIXA 04/01/2018','L',60.00,'F','2018-01-04',NULL,NULL),(355,'SAIDA DO VEICULO (FHO-6031)','A',2.00,'F','2018-01-04',NULL,360),(356,'SAIDA DO VEICULO (FZJ-0400)','A',6.00,'F','2018-01-04',NULL,359),(357,'SAIDA DO VEICULO (ELZ-6887)','A',6.00,'F','2018-01-04',NULL,361),(358,'SALDO INICIAL DE CAIXA 05/01/2018','L',60.00,'F','2018-01-05',NULL,NULL),(359,'SAIDA DO VEICULO (DNK-0427)','A',6.00,'F','2018-01-05',NULL,365),(360,'SAIDA DO VEICULO (EDV-4116)','A',6.00,'F','2018-01-05',NULL,368),(361,'SALDO INICIAL DE CAIXA 06/01/2018','L',60.00,'F','2018-01-06',NULL,NULL),(362,'SALDO INICIAL DE CAIXA 08/01/2018','L',60.00,'F','2018-01-08',NULL,NULL),(363,'SAIDA DO VEICULO (GJK-5667)','A',6.00,'F','2018-01-08',NULL,372),(364,'SAIDA DO VEICULO (PZP-7387)','A',12.00,'F','2018-01-08',NULL,373),(365,'SALDO INICIAL DE CAIXA 09/01/2018','L',60.00,'F','2018-01-09',NULL,NULL),(366,'SAIDA DO VEICULO (FDU-2650)','A',3.00,'F','2018-01-09',NULL,379),(367,'SAIDA DO VEICULO (BLY-9704)','A',9.00,'F','2018-01-09',NULL,377),(368,'SAIDA DO VEICULO (ETW-0095)','A',9.00,'F','2018-01-09',NULL,380),(369,'SAIDA DO VEICULO (DUN-6111)','A',9.00,'F','2018-01-09',NULL,381),(370,'SAIDA DO VEICULO (FLH-5063)','A',15.00,'F','2018-01-09',NULL,378),(371,'SALDO INICIAL DE CAIXA 10/01/2018','L',60.00,'F','2018-01-10',NULL,NULL),(372,'SALDO INICIAL DE CAIXA 11/01/2018','L',60.00,'F','2018-01-11',NULL,NULL),(373,'SAIDA DO VEICULO (FGK-1754)','A',6.00,'F','2018-01-11',NULL,384),(374,'SALDO INICIAL DE CAIXA 12/01/2018','L',60.00,'F','2018-01-12',NULL,NULL),(375,'SAIDA DO VEICULO (FKI-8366)','A',3.00,'F','2018-01-12',NULL,391),(376,'SAIDA DO VEICULO (FTE-3337)','A',3.00,'F','2018-01-12',NULL,393),(377,'SAIDA DO VEICULO (FPW-9119)','A',6.00,'F','2018-01-12',NULL,394),(378,'SAIDA DO VEICULO (FLL-4446)','A',9.00,'F','2018-01-12',NULL,392),(379,'SAIDA DO VEICULO (FEC-1829)','A',3.00,'F','2018-01-12',NULL,395),(380,'SALDO INICIAL DE CAIXA 13/01/2018','L',60.00,'F','2018-01-13',NULL,NULL),(381,'SALDO INICIAL DE CAIXA 15/01/2018','L',60.00,'F','2018-01-15',NULL,NULL),(382,'SAIDA DO VEICULO (CQO-3940)','A',3.00,'F','2018-01-15',NULL,399),(383,'SAIDA DO VEICULO (FOM-2608)','A',2.00,'F','2018-01-15',NULL,401),(384,'SAIDA DO VEICULO (GJK-5667)','A',3.00,'F','2018-01-15',NULL,400),(385,'ECOSPORT BRANCA GBB-5550','L',3.00,'F','2018-01-15',NULL,NULL),(386,'SAIDA DO VEICULO (FME-4825)','A',2.00,'F','2018-01-15',NULL,402),(387,'SAIDA DO VEICULO (DNK-0427)','A',2.00,'F','2018-01-15',NULL,403),(388,'SALDO INICIAL DE CAIXA 16/01/2018','L',60.00,'F','2018-01-16',NULL,NULL),(389,'SAIDA DO VEICULO (FFH-5717)','A',6.00,'F','2018-01-16',NULL,405),(390,'SAIDA DO VEICULO (BLX-9381)','A',3.00,'F','2018-01-16',NULL,406),(391,'SALDO INICIAL DE CAIXA 17/01/2018','L',60.00,'F','2018-01-17',NULL,NULL),(392,'SAIDA DO VEICULO (EKN-0149)','A',6.00,'F','2018-01-17',NULL,408),(393,'SAIDA DO VEICULO (EER-0976)','A',6.00,'F','2018-01-17',NULL,409),(394,'SALDO INICIAL DE CAIXA 18/01/2018','L',60.00,'F','2018-01-18',NULL,NULL),(395,'SAIDA DO VEICULO (FNY-7800)','A',2.00,'F','2018-01-18',NULL,412),(396,'SAIDA DO VEICULO (FEC-2185)','A',2.00,'F','2018-01-18',NULL,413),(397,'SAIDA DO VEICULO (BKL-9222)','A',6.00,'F','2018-01-18',NULL,414),(398,'SAIDA DO VEICULO (DNQ-1745)','A',3.00,'F','2018-01-18',NULL,415),(399,'SAIDA DO VEICULO (BKE-3757)','A',3.00,'F','2018-01-18',NULL,416),(400,'SAIDA DO VEICULO (FNY-7800)','A',2.00,'F','2018-01-18',NULL,418),(401,'SAIDA DO VEICULO (CEW-7924)','A',12.00,'F','2018-01-18',NULL,417),(402,'SALDO INICIAL DE CAIXA 19/01/2018','L',60.00,'F','2018-01-19',NULL,NULL),(403,'SAIDA DO VEICULO (GIF-4644)','A',2.00,'F','2018-01-19',NULL,419),(404,'SAIDA DO VEICULO (EDA-5627)','A',2.00,'F','2018-01-19',NULL,423),(405,'SAIDA DO VEICULO (DXW-8703)','A',3.00,'F','2018-01-19',NULL,421),(406,'SAIDA DO VEICULO (BPQ-3113)','A',2.00,'F','2018-01-19',NULL,424),(407,'SAIDA DO VEICULO (XBJ-1700)','A',2.00,'F','2018-01-19',NULL,425),(408,'SALDO INICIAL DE CAIXA 20/01/2018','L',60.00,'F','2018-01-20',NULL,NULL),(409,'SALDO INICIAL DE CAIXA 22/01/2018','L',60.00,'F','2018-01-22',NULL,NULL),(410,'SAIDA DO VEICULO (BEN-0707)','A',6.00,'F','2018-01-22',NULL,427),(411,'SAIDA DO VEICULO (OVH-7986)','A',2.00,'F','2018-01-22',NULL,431),(412,'SAIDA DO VEICULO (GJK-5667)','A',6.00,'F','2018-01-22',NULL,430),(413,'SAIDA DO VEICULO (FEC-1934)','A',3.00,'F','2018-01-22',NULL,432),(414,'SAIDA DO VEICULO (FQD-0820)','A',3.00,'F','2018-01-22',NULL,433),(415,'SAIDA DO VEICULO (ELZ-1215)','A',12.00,'F','2018-01-22',NULL,434),(416,'SALDO INICIAL DE CAIXA 23/01/2018','L',60.00,'F','2018-01-23',NULL,NULL),(417,'SAIDA DO VEICULO (HCF-8051)','A',3.00,'F','2018-01-23',NULL,437),(418,'SAIDA DO VEICULO (FET-7842)','A',3.00,'F','2018-01-23',NULL,439),(419,'SAIDA DO VEICULO (DSQ-5615)','A',6.00,'F','2018-01-23',NULL,438),(420,'SAIDA DO VEICULO (FTS-3472)','A',6.00,'F','2018-01-23',NULL,440),(421,'SAIDA DO VEICULO (DZD-1413)','A',9.00,'F','2018-01-23',NULL,441),(422,'SAIDA DO VEICULO (DNU-5108)','A',3.00,'F','2018-01-23',NULL,443),(423,'SAIDA DO VEICULO (ELZ-1215)','A',3.00,'F','2018-01-23',NULL,442),(424,'SALDO INICIAL DE CAIXA 24/01/2018','L',60.00,'F','2018-01-24',NULL,NULL),(425,'SAIDA DO VEICULO (BKE-9724)','A',6.00,'F','2018-01-24',NULL,446),(426,'SAIDA DO VEICULO (GAD-1114)','A',6.00,'F','2018-01-24',NULL,447),(427,'SAIDA DO VEICULO (ELZ-1215)','A',6.00,'F','2018-01-24',NULL,448),(428,'SAIDA DO VEICULO (ETY-3993)','A',12.00,'F','2018-01-24',NULL,449),(429,'SAIDA DO VEICULO (FMK-9865)','A',2.00,'F','2018-01-24',NULL,452),(430,'SAIDA DO VEICULO (FTH-4851)','A',3.00,'F','2018-01-24',NULL,453),(431,'SAIDA DO VEICULO (FNY-7800)','A',6.00,'F','2018-01-24',NULL,450),(432,'SAIDA DO VEICULO (ETY-1196)','A',6.00,'F','2018-01-24',NULL,454),(433,'SAIDA DO VEICULO (BOZ-8787)','A',18.00,'F','2018-01-24',NULL,451),(434,'SALDO INICIAL DE CAIXA 25/01/2018','L',60.00,'F','2018-01-25',NULL,NULL),(435,'SAIDA DO VEICULO (BKL-9292)','A',2.00,'F','2018-01-25',NULL,457),(436,'SAIDA DO VEICULO (FXE-0551)','A',6.00,'F','2018-01-25',NULL,459),(437,'SAIDA DO VEICULO (ENX-0489)','A',2.00,'F','2018-01-25',NULL,460),(438,'SAIDA DO VEICULO (CSH-9634)','A',12.00,'F','2018-01-25',NULL,458),(439,'SAIDA DO VEICULO (FFL-4023)','A',9.00,'F','2018-01-25',NULL,461),(440,'SAIDA DO VEICULO (DSY-4878)','A',2.00,'F','2018-01-25',NULL,464),(441,'SAIDA DO VEICULO (FZP-0580)','I',9.00,'F','2018-01-25',NULL,462),(442,'SAIDA DO VEICULO (ELZ-1215)','A',9.00,'F','2018-01-25',NULL,463),(443,'SALDO INICIAL DE CAIXA 26/01/2018','L',60.00,'F','2018-01-26',NULL,NULL),(444,'SAIDA DO VEICULO (EIJ-3530)','A',3.00,'F','2018-01-26',NULL,468),(445,'SAIDA DO VEICULO (CZG-7892)','A',3.00,'F','2018-01-26',NULL,471),(446,'SAIDA DO VEICULO (FNJ-4262)','A',2.00,'F','2018-01-26',NULL,472),(447,'SAIDA DO VEICULO (BOZ-8787)','A',6.00,'F','2018-01-26',NULL,467),(448,'SAIDA DO VEICULO (FKI-8366)','A',9.00,'F','2018-01-26',NULL,470),(449,'SAIDA DO VEICULO (FTH-4851)','A',6.00,'F','2018-01-26',NULL,473),(450,'SAIDA DO VEICULO (FVH-1220)','A',15.00,'F','2018-01-26',NULL,469),(451,'SAIDA DO VEICULO (CZG-7892)','A',6.00,'F','2018-01-26',NULL,474),(452,'SAIDA DO VEICULO (EVJ-1501)','A',3.00,'F','2018-01-26',NULL,475),(453,'SALDO INICIAL DE CAIXA 27/01/2018','L',60.00,'F','2018-01-27',NULL,NULL),(454,'SALDO INICIAL DE CAIXA 29/01/2018','L',60.00,'F','2018-01-29',NULL,NULL),(455,'SAIDA DO VEICULO (FVS-8689)','A',6.00,'F','2018-01-29',NULL,478),(456,'SAIDA DO VEICULO (GJK-5667)','A',6.00,'F','2018-01-29',NULL,480),(457,'SAIDA DO VEICULO (FIB-1725)','A',9.00,'F','2018-01-29',NULL,479),(458,'SAIDA DO VEICULO (DGI-1599)','A',2.00,'F','2018-01-29',NULL,482),(459,'SAIDA DO VEICULO (EPE-5247)','A',6.00,'F','2018-01-29',NULL,483),(460,'SALDO INICIAL DE CAIXA 30/01/2018','L',60.00,'F','2018-01-30',NULL,NULL),(461,'SAIDA DO VEICULO (FPR-5230)','A',2.00,'F','2018-01-30',NULL,488),(462,'SAIDA DO VEICULO (GFU-7675)','A',3.00,'F','2018-01-30',NULL,487),(463,'SAIDA DO VEICULO (EAP-7372)','A',3.00,'F','2018-01-30',NULL,490),(464,'SAIDA DO VEICULO (DGL-4114)','A',9.00,'F','2018-01-30',NULL,489),(465,'SALDO INICIAL DE CAIXA 31/01/2018','L',60.00,'F','2018-01-31',NULL,NULL),(466,'SAIDA DO VEICULO (DBU-5248)','A',3.00,'F','2018-01-31',NULL,492),(467,'SAIDA DO VEICULO (EER-7161)','A',3.00,'F','2018-01-31',NULL,494),(468,'SAIDA DO VEICULO (GJK-5667)','A',3.00,'F','2018-01-31',NULL,495),(469,'SAIDA DO VEICULO (GFH-0687)','A',3.00,'F','2018-01-31',NULL,496),(470,'SAIDA DO VEICULO (OPU-9745)','A',3.00,'F','2018-01-31',NULL,497),(471,'SAIDA DO VEICULO (GFA-8550)','A',6.00,'F','2018-01-31',NULL,498),(472,'SAIDA DO VEICULO (EFT-5677)','A',3.00,'F','2018-01-31',NULL,499),(473,'SAIDA DO VEICULO (DVY-1817)','A',2.00,'F','2018-01-31',NULL,500),(474,'SAIDA DO VEICULO (EYZ-7478)','A',3.00,'F','2018-01-31',NULL,501),(475,'SALDO INICIAL DE CAIXA 01/02/2018','L',60.00,'F','2018-02-01',NULL,NULL),(476,'SAIDA DO VEICULO (DZV-5642)','A',2.00,'F','2018-02-01',NULL,502),(477,'SAIDA DO VEICULO (GFU-7675)','A',6.00,'F','2018-02-01',NULL,508),(478,'SAIDA DO VEICULO (FYS-4373)','A',6.00,'F','2018-02-01',NULL,507),(479,'SAIDA DO VEICULO (FMF-8408)','A',6.00,'F','2018-02-01',NULL,509),(480,'SAIDA DO VEICULO (EDA-4549)','A',6.00,'F','2018-02-01',NULL,511),(481,'SAIDA DO VEICULO (EDV-0928)','A',9.00,'F','2018-02-01',NULL,510),(482,'SAIDA DO VEICULO (DNQ-1865)','A',3.00,'F','2018-02-01',NULL,512),(483,'SAIDA DO VEICULO (ETY-4298)','A',3.00,'F','2018-02-01',NULL,513),(484,'SALDO INICIAL DE CAIXA 02/02/2018','L',60.00,'F','2018-02-02',NULL,NULL),(485,'SAIDA DO VEICULO (FJK-1663)','A',2.00,'F','2018-02-02',NULL,519),(486,'SAIDA DO VEICULO (BJT-2807)','A',3.00,'F','2018-02-02',NULL,520),(487,'SAIDA DO VEICULO (PXK-8554)','A',3.00,'F','2018-02-02',NULL,521),(488,'SAIDA DO VEICULO (EPS-0703)','A',3.00,'F','2018-02-02',NULL,523),(489,'SAIDA DO VEICULO (DXW-8703)','A',9.00,'F','2018-02-02',NULL,518),(490,'SAIDA DO VEICULO (FCA-4840)','A',6.00,'F','2018-02-02',NULL,524),(491,'SAIDA DO VEICULO (IVR-8459)','A',12.00,'F','2018-02-02',NULL,522),(492,'SAIDA DO VEICULO (DPK-1474)','A',2.00,'F','2018-02-02',NULL,526),(493,'SALDO INICIAL DE CAIXA 03/02/2018','L',60.00,'F','2018-02-03',NULL,NULL),(494,'SALDO INICIAL DE CAIXA 05/02/2018','L',60.00,'F','2018-02-05',NULL,NULL),(495,'SAIDA DO VEICULO (FKI-8366)','A',6.00,'F','2018-02-05',NULL,529),(496,'SAIDA DO VEICULO (GJK-5667)','A',6.00,'F','2018-02-05',NULL,531),(497,'SAIDA DO VEICULO (GJL-1100)','A',9.00,'F','2018-02-05',NULL,530),(498,'SALDO INICIAL DE CAIXA 06/02/2018','L',60.00,'F','2018-02-06',NULL,NULL),(499,'SAIDA DO VEICULO (EPF-8954)','A',6.00,'F','2018-02-06',NULL,538),(500,'SAIDA DO VEICULO (FTA-9919)','A',12.00,'F','2018-02-06',NULL,537),(501,'SAIDA DO VEICULO (OJR-3644)','A',3.00,'F','2018-02-06',NULL,539),(502,'SAIDA DO VEICULO (FGO-8913)','A',6.00,'F','2018-02-06',NULL,540),(503,'SAIDA DO VEICULO (CEH-2885)','A',6.00,'F','2018-02-06',NULL,541),(504,'SAIDA DO VEICULO (CVW-1269)','A',18.00,'F','2018-02-06',NULL,536),(505,'SAIDA DO VEICULO (FGK-2038)','A',2.00,'F','2018-02-06',NULL,542),(506,'SALDO INICIAL DE CAIXA 07/02/2018','L',60.00,'F','2018-02-07',NULL,NULL),(507,'SAIDA DO VEICULO (FGR-9488)','A',3.00,'F','2018-02-07',NULL,546),(508,'SAIDA DO VEICULO (FBI-6682)','A',3.00,'F','2018-02-07',NULL,545),(509,'SAIDA DO VEICULO (FTA-9919)','A',9.00,'F','2018-02-07',NULL,547),(510,'SAIDA DO VEICULO (FIW-1640)','A',2.00,'F','2018-02-07',NULL,549),(511,'SALDO INICIAL DE CAIXA 08/02/2018','L',60.00,'F','2018-02-08',NULL,NULL),(512,'SAIDA DO VEICULO (FBQ-6060)','A',2.00,'F','2018-02-08',NULL,553),(513,'SALDO INICIAL DE CAIXA 09/02/2018','L',60.00,'F','2018-02-09',NULL,NULL),(514,'SAIDA DO VEICULO (FKI-8366)','A',6.00,'F','2018-02-09',NULL,557),(515,'SAIDA DO VEICULO (CEH-4697)','A',6.00,'F','2018-02-09',NULL,558),(516,'SAIDA DO VEICULO (DWZ-7925)','A',2.00,'F','2018-02-09',NULL,561),(517,'SAIDA DO VEICULO (FFL-4023)','A',6.00,'F','2018-02-09',NULL,562),(518,'SALDO INICIAL DE CAIXA 10/02/2018','L',60.00,'F','2018-02-10',NULL,NULL),(519,'SALDO INICIAL DE CAIXA 12/02/2018','L',60.00,'F','2018-02-12',NULL,NULL),(520,'SAIDA DO VEICULO (FKI-8366)','A',3.00,'F','2018-02-12',NULL,563),(521,'SAIDA DO VEICULO (FRZ-5745)','A',2.00,'F','2018-02-12',NULL,564),(522,'SALDO INICIAL DE CAIXA 14/02/2018','L',60.00,'F','2018-02-14',NULL,NULL),(523,'SAIDA DO VEICULO (BMB-6441)','A',3.00,'F','2018-02-14',NULL,567),(524,'SAIDA DO VEICULO (EBA-9164)','A',6.00,'F','2018-02-14',NULL,569),(525,'SAIDA DO VEICULO (EDA-5385)','A',2.00,'F','2018-02-14',NULL,571),(526,'SALDO INICIAL DE CAIXA 15/02/20186','L',60.00,'F','2018-02-15',NULL,NULL),(527,'SAIDA DO VEICULO (GFS-6248)','A',3.00,'F','2018-02-15',NULL,575),(528,'SAIDA DO VEICULO (CZA-7833)','A',2.00,'F','2018-02-15',NULL,576),(529,'SAIDA DO VEICULO (FGK-9216)','A',2.00,'F','2018-02-15',NULL,578),(530,'SAIDA DO VEICULO (FJR-7995)','A',6.00,'F','2018-02-15',NULL,577),(531,'SALDO INICIAL DE CAIXA 16/02/2018','L',60.00,'F','2018-02-16',NULL,NULL),(532,'SAIDA DO VEICULO (FKZ-9641)','A',3.00,'F','2018-02-16',NULL,582),(533,'SAIDA DO VEICULO (HFP-8039)','A',6.00,'F','2018-02-16',NULL,583),(534,'SAIDA DO VEICULO (DWZ-7925)','A',4.00,'F','2018-02-16',NULL,581),(535,'SAIDA DO VEICULO (FKI-8366)','A',6.00,'F','2018-02-16',NULL,580),(536,'SAIDA DO VEICULO (GGX-3692)','A',3.00,'F','2018-02-16',NULL,584),(537,'SAIDA DO VEICULO (FVD-0330)','A',6.00,'F','2018-02-16',NULL,585),(538,'SALDO INICIAL 17/02/2018','L',60.00,'F','2018-02-17',NULL,NULL),(539,'SALDO INICIAL DE CAIXA 19/02/2018','L',60.00,'F','2018-02-19',NULL,NULL),(540,'SAIDA DO VEICULO (FKI-8366)','A',3.00,'F','2018-02-19',NULL,589),(541,'SAIDA DO VEICULO (ETY-3732)','A',6.00,'F','2018-02-19',NULL,590),(542,'SAIDA DO VEICULO (GJK-5667)','A',6.00,'F','2018-02-19',NULL,591),(543,'SAIDA DO VEICULO (GBY-3078)','A',3.00,'F','2018-02-19',NULL,593),(544,'SAIDA DO VEICULO (FNS-7522)','A',6.00,'F','2018-02-19',NULL,594),(545,'SALDO INICIAL DE CAIXA 20/02/2018','L',60.00,'F','2018-02-20',NULL,NULL),(546,'SAIDA DO VEICULO (FNY-7800)','A',2.00,'F','2018-02-20',NULL,595),(547,'SAIDA DO VEICULO (FND-4401)','A',2.00,'F','2018-02-20',NULL,598),(548,'SAIDA DO VEICULO (FCZ-9010)','A',6.00,'F','2018-02-20',NULL,600),(549,'SAIDA DO VEICULO (EAP-7386)','A',9.00,'F','2018-02-20',NULL,599),(550,'SAIDA DO VEICULO (OGP-0018)','A',6.00,'F','2018-02-20',NULL,601),(551,'SAIDA DO VEICULO (FNY-7800)','A',2.00,'F','2018-02-20',NULL,602),(552,'SAIDA DO VEICULO (OGP-0018)','A',3.00,'F','2018-02-20',NULL,603),(553,'SAIDA DO VEICULO (DVY-1817)','A',2.00,'F','2018-02-20',NULL,605),(554,'SALDO INICIAL DE CAIXA 21/02/2018','L',60.00,'F','2018-02-21',NULL,NULL),(555,'SAIDA DO VEICULO (EXT-6923)','A',3.00,'F','2018-02-21',NULL,609),(556,'SAIDA DO VEICULO (EDA-2303)','A',2.00,'F','2018-02-21',NULL,610),(557,'SAIDA DO VEICULO (ETM-0478)','A',6.00,'F','2018-02-21',NULL,611),(558,'SAIDA DO VEICULO (PYJ-4928)','A',2.00,'F','2018-02-21',NULL,615),(559,'SAIDA DO VEICULO (GCH-2400)','A',15.00,'F','2018-02-21',NULL,612),(560,'SAIDA DO VEICULO (BXB-5553)','A',6.00,'F','2018-02-21',NULL,616),(561,'SAIDA DO VEICULO (FTA-9919)','A',12.00,'F','2018-02-21',NULL,614),(562,'SALDO INICIAL DE CAIXA 22/02/2018','L',60.00,'F','2018-02-22',NULL,NULL),(563,'SAIDA DO VEICULO (FWW-5470)','A',2.00,'F','2018-02-22',NULL,619),(564,'SAIDA DO VEICULO (EOM-9263)','A',2.00,'F','2018-02-22',NULL,620),(565,'SAIDA DO VEICULO (EDA-5450)','A',6.00,'F','2018-02-22',NULL,621),(566,'SAIDA DO VEICULO (GGA-7930)','A',3.00,'F','2018-02-22',NULL,624),(567,'SAIDA DO VEICULO (ENP-7608)','A',6.00,'F','2018-02-22',NULL,623),(568,'SALDO INICIAL DE CAIXA 23/02/2018','L',60.00,'F','2018-02-23',NULL,NULL),(569,'SAIDA DO VEICULO (FKI-8366)','A',6.00,'F','2018-02-23',NULL,628),(570,'SAIDA DO VEICULO (FLT-0473)','A',3.00,'F','2018-02-23',NULL,629),(571,'SAIDA DO VEICULO (FBI-6682)','A',2.00,'F','2018-02-23',NULL,631),(572,'SAIDA DO VEICULO (FXS-7780)','A',9.00,'F','2018-02-23',NULL,630),(573,'SAIDA DO VEICULO (FSA-6002)','A',3.00,'F','2018-02-23',NULL,632),(574,'SALDO INICIAL DE CAIXA 24/02/2018','L',60.00,'F','2018-02-24',NULL,NULL),(575,'SALDO INICIAL DE CAIXA 26/02/2018','L',60.00,'F','2018-02-26',NULL,NULL),(576,'SAIDA DO VEICULO (GAP-3898)','A',12.00,'F','2018-02-26',NULL,634),(577,'SAIDA DO VEICULO (GCH-2400)','A',2.00,'F','2018-02-26',NULL,637),(578,'SAIDA DO VEICULO (FDS-9560)','A',6.00,'F','2018-02-26',NULL,635),(579,'SAIDA DO VEICULO (FSA-6002)','A',12.00,'F','2018-02-26',NULL,638),(580,'SALDO INICIAL DE CAIXA 27/02/2018','L',60.00,'F','2018-02-27',NULL,NULL),(581,'SAIDA DO VEICULO (EVG-8276)','A',2.00,'F','2018-02-27',NULL,642),(582,'SAIDA DO VEICULO (EVG-8276)','A',6.00,'F','2018-02-27',NULL,643),(583,'SAIDA DO VEICULO (CIK-2931)','A',6.00,'F','2018-02-27',NULL,644),(584,'SAIDA DO VEICULO (FKI-8366)','A',2.00,'F','2018-02-27',NULL,647),(585,'SAIDA DO VEICULO (DUK-5758)','A',3.00,'F','2018-02-27',NULL,645),(586,'SAIDA DO VEICULO (FDF-2429)','A',2.00,'F','2018-02-27',NULL,648),(587,'SAIDA DO VEICULO (FGD-1260)','A',6.00,'F','2018-02-27',NULL,646),(588,'SAIDA DO VEICULO (MGU-1466)','A',3.00,'F','2018-02-27',NULL,649),(589,'SAIDA DO VEICULO (EPS-8657)','A',2.00,'F','2018-02-27',NULL,650),(590,'SAIDA DO VEICULO (EVX-8836)','A',6.00,'F','2018-02-27',NULL,651),(591,'SALDO INICIAL DE CAIXA 28/02/2018','L',60.00,'F','2018-02-28',NULL,NULL),(592,'SAIDA DO VEICULO (FME-5011)','A',6.00,'F','2018-02-28',NULL,653),(593,'SAIDA DO VEICULO (DJG-7275)','A',6.00,'F','2018-02-28',NULL,655),(594,'SALDO INICIAL DE CAIXA 01/03/2018','L',60.00,'F','2018-03-01',NULL,NULL),(595,'SAIDA DO VEICULO (FCK-6799)','A',2.00,'F','2018-03-01',NULL,663),(596,'SAIDA DO VEICULO (FBI-6682)','A',9.00,'F','2018-03-01',NULL,660),(597,'SAIDA DO VEICULO (HRU-3689)','A',3.00,'F','2018-03-01',NULL,664),(598,'SAIDA DO VEICULO (FME-4713)','A',6.00,'F','2018-03-01',NULL,662),(599,'SAIDA DO VEICULO (HFP-8039)','A',6.00,'F','2018-03-01',NULL,661),(600,'SAIDA DO VEICULO (PZT-0522)','A',6.00,'F','2018-03-01',NULL,665),(601,'SAIDA DO VEICULO (FME-4840)','A',2.00,'F','2018-03-01',NULL,668),(602,'SAIDA DO VEICULO (FTA-9919)','A',9.00,'F','2018-03-01',NULL,666),(603,'SAIDA DO VEICULO (ETM-0331)','A',2.00,'F','2018-03-01',NULL,669),(604,'SAIDA DO VEICULO (FSA-6002)','A',9.00,'F','2018-03-01',NULL,667),(605,'SALDO INICIAL DE CAIXA 02/03/2018','L',60.00,'F','2018-03-02',NULL,NULL),(606,'SAIDA DO VEICULO (FKI-8366)','A',6.00,'F','2018-03-02',NULL,673),(607,'SAIDA DO VEICULO (EEX-0019)','A',2.00,'F','2018-03-02',NULL,674),(608,'SAIDA DO VEICULO (FME-4840)','A',9.00,'F','2018-03-02',NULL,670),(609,'SAIDA DO VEICULO (DDL-1015)','A',3.00,'F','2018-03-02',NULL,678),(610,'SAIDA DO VEICULO (BKD-1154)','A',6.00,'F','2018-03-02',NULL,677),(611,'SAIDA DO VEICULO (FNJ-4107)','A',6.00,'F','2018-03-02',NULL,675),(612,'SAIDA DO VEICULO (BXB-5553)','A',6.00,'F','2018-03-02',NULL,676),(613,'SAIDA DO VEICULO (EDA-5385)','A',2.00,'F','2018-03-02',NULL,679),(614,'SALDO INICIAL DE CAIXA 03/03/2018','L',60.00,'F','2018-03-03',NULL,NULL),(615,NULL,'L',NULL,'F','2018-03-03',NULL,NULL),(616,'SALDO INICIAL DE CAIXA 05/03/2018','L',60.00,'F','2018-03-05',NULL,NULL),(617,'SAIDA DO VEICULO (FKI-8366)','A',6.00,'F','2018-03-05',NULL,684),(618,'SAIDA DO VEICULO (FQE-8943)','A',6.00,'F','2018-03-05',NULL,686),(619,'SAIDA DO VEICULO (BKD-5206)','A',3.00,'F','2018-03-05',NULL,687),(620,'SAIDA DO VEICULO (BPV-0370)','A',9.00,'F','2018-03-05',NULL,685),(621,'SAIDA DO VEICULO (GJK-5667)','A',6.00,'F','2018-03-05',NULL,688),(622,'SAIDA DO VEICULO (FBI-6682)','A',2.00,'F','2018-03-05',NULL,690),(623,'SAIDA DO VEICULO (FTP-0664)','A',2.00,'F','2018-03-05',NULL,692),(624,'SAIDA DO VEICULO (OPU-9745)','A',3.00,'F','2018-03-05',NULL,691),(625,'SALDO INICIAL DE CAIXA 06/03/2018','L',60.00,'F','2018-03-06',NULL,NULL),(626,'SAIDA DO VEICULO (EYZ-5866)','A',2.00,'F','2018-03-06',NULL,697),(627,'SAIDA DO VEICULO (FER-8966)','A',3.00,'F','2018-03-06',NULL,696),(628,'SAIDA DO VEICULO (FTA-9919)','A',9.00,'F','2018-03-06',NULL,699),(629,'SAIDA DO VEICULO (FME-5095)','A',12.00,'F','2018-03-06',NULL,698),(630,'SAIDA DO VEICULO (EAR-9633)','A',2.00,'F','2018-03-06',NULL,701),(631,'SAIDA DO VEICULO (BQQ-7479)','A',9.00,'F','2018-03-06',NULL,700),(632,'SAIDA DO VEICULO (GHI-6140)','A',3.00,'F','2018-03-06',NULL,702),(633,'SAIDA DO VEICULO (DBU-3679)','A',3.00,'F','2018-03-06',NULL,703),(634,'SALDO INICIAL DE CAIXA 07/03/2018','L',60.00,'F','2018-03-07',NULL,NULL),(635,'SAIDA DO VEICULO (FTH-2402)','A',3.00,'F','2018-03-07',NULL,704),(636,'SAIDA DO VEICULO (FTP-0664)','A',2.00,'F','2018-03-07',NULL,710),(637,'SAIDA DO VEICULO (OPU-9745)','A',15.00,'F','2018-03-07',NULL,708),(638,'SAIDA DO VEICULO (DSQ-6080)','A',2.00,'F','2018-03-07',NULL,712),(639,'SAIDA DO VEICULO (FHM-0271)','A',2.00,'F','2018-03-07',NULL,713),(640,'SAIDA DO VEICULO (FGS-4268)','A',6.00,'F','2018-03-07',NULL,711),(641,'SAIDA DO VEICULO (CKL-1001)','A',6.00,'F','2018-03-07',NULL,714),(642,'SALDO INICIAL DE CAIXA 08/03/2018','L',60.00,'F','2018-03-08',NULL,NULL),(643,'SAIDA DO VEICULO (GHI-6140)','A',2.00,'F','2018-03-08',NULL,718),(644,'SAIDA DO VEICULO (FKI-8366)','A',6.00,'F','2018-03-08',NULL,719),(645,'SAIDA DO VEICULO (DGL-9569)','A',9.00,'F','2018-03-08',NULL,715),(646,'SAIDA DO VEICULO (HCF-8051)','A',6.00,'F','2018-03-08',NULL,721),(647,'SAIDA DO VEICULO (EON-9263)','A',6.00,'F','2018-03-08',NULL,720),(648,'SAIDA DO VEICULO (CWJ-3377)','A',6.00,'F','2018-03-08',NULL,722),(649,'SAIDA DO VEICULO (FHO-6031)','A',12.00,'F','2018-03-08',NULL,723),(650,'SAIDA DO VEICULO (FKI-8366)','A',3.00,'F','2018-03-08',NULL,724),(651,'SAIDA DO VEICULO (GEF-4334)','A',6.00,'F','2018-03-08',NULL,727),(652,'SAIDA DO VEICULO (FTA-9919)','A',6.00,'F','2018-03-08',NULL,725),(653,'SALDO INICIAL DE CAIXA 09/03/2018','L',60.00,'F','2018-03-09',NULL,NULL),(654,'SAIDA DO VEICULO (GCE-4404)','A',3.00,'F','2018-03-09',NULL,732),(655,'SAIDA DO VEICULO (FJE-0729)','A',3.00,'F','2018-03-09',NULL,730),(656,'SAIDA DO VEICULO (FIG-5859)','A',2.00,'F','2018-03-09',NULL,733),(657,'SAIDA DO VEICULO (FYT-3553)','A',9.00,'F','2018-03-09',NULL,731),(658,'SAIDA DO VEICULO (FYT-3553)','A',12.00,'F','2018-03-09',NULL,734),(659,'SALDO INICIAL DE CAIXA 10/03/2018','L',60.00,'F','2018-03-10',NULL,NULL),(660,'SALDO INICIAL DE CAIXA 12/03/2018','L',60.00,'F','2018-03-12',NULL,NULL),(661,'SAIDA DO VEICULO (FKI-8366)','A',6.00,'F','2018-03-12',NULL,737),(662,'SAIDA DO VEICULO (GJK-5667)','A',6.00,'F','2018-03-12',NULL,739),(663,'SAIDA DO VEICULO (EDA-4840)','A',9.00,'F','2018-03-12',NULL,738),(664,'SAIDA DO VEICULO (CWJ-4448)','A',3.00,'F','2018-03-12',NULL,740),(665,'SAIDA DO VEICULO (FLH-5074)','A',3.00,'F','2018-03-12',NULL,742),(666,'SAIDA DO VEICULO (DQP-3978)','A',6.00,'F','2018-03-12',NULL,743),(667,'SALDO INICIAL DE CAIXA 13/03/2018','L',60.00,'F','2018-03-13',NULL,NULL),(668,'SAIDA DO VEICULO (FIG-5859)','A',2.00,'F','2018-03-13',NULL,748),(669,'SAIDA DO VEICULO (ANT-7765)','A',15.00,'F','2018-03-13',NULL,749),(670,'SAIDA DO VEICULO (FER-6640)','A',6.00,'F','2018-03-13',NULL,751),(671,'SAIDA DO VEICULO (DXA-2753)','A',6.00,'F','2018-03-13',NULL,752),(672,'SAIDA DO VEICULO (FQJ-4419)','A',9.00,'F','2018-03-13',NULL,753),(673,'SAIDA DO VEICULO (CLY-4020)','A',12.00,'F','2018-03-13',NULL,754),(674,'SAIDA DO VEICULO (CUN-8080)','A',27.00,'F','2018-03-13',NULL,750),(675,'SALDO INICIAL DE CAIXA 14/03/2018','L',60.00,'F','2018-03-14',NULL,NULL),(676,'SAIDA DO VEICULO (FLL-4446)','A',6.00,'F','2018-03-14',NULL,757),(677,'SAIDA DO VEICULO (DSQ-6080)','A',3.00,'F','2018-03-14',NULL,758),(678,'SAIDA DO VEICULO (DBU-4915)','A',6.00,'F','2018-03-14',NULL,760),(679,'SALDO INICIAL DE CAIXA 15/03/2018','L',60.00,'F','2018-03-15',NULL,NULL),(680,'SAIDA DO VEICULO (CEH-4697)','A',2.00,'F','2018-03-15',NULL,766),(681,'SAIDA DO VEICULO (EVG-5283)','A',6.00,'F','2018-03-15',NULL,767),(682,'SAIDA DO VEICULO (DHX-0555)','A',6.00,'F','2018-03-15',NULL,768),(683,'SAIDA DO VEICULO (FGK-2057)','A',2.00,'F','2018-03-15',NULL,770),(684,'SALDO INICIAL DE CAIXA 16/03/2018','L',60.00,'F','2018-03-16',NULL,NULL),(685,'SAIDA DO VEICULO (FKI-8366)','A',6.00,'F','2018-03-16',NULL,775),(686,'SAIDA DO VEICULO (COE-9888)','A',6.00,'F','2018-03-16',NULL,776),(687,'SAIDA DO VEICULO (HHY-5416)','A',2.00,'F','2018-03-16',NULL,777),(688,'SALDO INICIAL DE CAIXA 17/03/2018','L',60.00,'F','2018-03-17',NULL,NULL),(689,'SALDO INICIAL DE CAIXA 19/03/2018','L',60.00,'F','2018-03-19',NULL,NULL),(690,'SAIDA DO VEICULO (ETN-6197)','A',3.00,'F','2018-03-19',NULL,779),(691,'SAIDA DO VEICULO (FKI-8366)','A',3.00,'F','2018-03-19',NULL,783),(692,'SAIDA DO VEICULO (CIK-2931)','A',3.00,'F','2018-03-19',NULL,784),(693,'SAIDA DO VEICULO (FRZ-5745)','A',9.00,'F','2018-03-19',NULL,782),(694,'SAIDA DO VEICULO (GCG-2169)','A',6.00,'F','2018-03-19',NULL,785),(695,'SAIDA DO VEICULO (FBY-4833)','A',6.00,'F','2018-03-19',NULL,786),(696,'SAIDA DO VEICULO (GJH-1880)','A',3.00,'F','2018-03-19',NULL,787),(697,'SAIDA DO VEICULO (CEH-4697)','A',6.00,'F','2018-03-19',NULL,788),(698,'SAIDA DO VEICULO (ETY-1196)','A',6.00,'F','2018-03-19',NULL,789),(699,'SALDO INICIAL DE CAIXA 20/03/2018','L',60.00,'F','2018-03-20',NULL,NULL),(700,'SAIDA DO VEICULO (CZA-7833)','A',6.00,'F','2018-03-20',NULL,795),(701,'SAIDA DO VEICULO (FKI-8366)','A',9.00,'F','2018-03-20',NULL,794),(702,'SAIDA DO VEICULO (EDA-5168)','A',6.00,'F','2018-03-20',NULL,796),(703,'SAIDA DO VEICULO (FME-4713)','A',6.00,'F','2018-03-20',NULL,797),(704,'SAIDA DO VEICULO (FME-4713)','A',3.00,'F','2018-03-20',NULL,798),(705,'SAIDA DO VEICULO (GCA-5808)','A',2.00,'F','2018-03-20',NULL,799),(706,'SALDO INICIAL DE CAIXA 21/03/2018','L',60.00,'F','2018-03-21',NULL,NULL),(707,'SAIDA DO VEICULO (EUN-8538)','A',2.00,'F','2018-03-21',NULL,803),(708,'SAIDA DO VEICULO (BKD-1154)','A',9.00,'F','2018-03-21',NULL,804),(709,'SAIDA DO VEICULO (CIM-8706)','A',2.00,'F','2018-03-21',NULL,805),(710,'SAIDA DO VEICULO (FKI-8366)','A',3.00,'F','2018-03-21',NULL,806),(711,'SALDO INICIAL DE CAIXA 22/03/2018','L',60.00,'F','2018-03-22',NULL,NULL),(712,'SAIDA DO VEICULO (CZA-7833)','A',2.00,'F','2018-03-22',NULL,811),(713,'SAIDA DO VEICULO (ETY-3306)','A',2.00,'F','2018-03-22',NULL,812),(714,'SAIDA DO VEICULO (GID-2887)','A',2.00,'F','2018-03-22',NULL,813),(715,'SAIDA DO VEICULO (DNQ-1510)','A',3.00,'F','2018-03-22',NULL,814),(716,'SAIDA DO VEICULO (BKD-1154)','A',2.00,'F','2018-03-22',NULL,815),(717,'SAIDA DO VEICULO (DFP-6925)','A',9.00,'F','2018-03-22',NULL,816),(718,'SALDO INICIAL DE CAIXA 23/03/2018','L',60.00,'F','2018-03-23',NULL,NULL),(719,'SAIDA DO VEICULO (FOM-2608)','A',2.00,'F','2018-03-23',NULL,824),(720,'SAIDA DO VEICULO (GAP-5048)','A',2.00,'F','2018-03-23',NULL,825),(721,'SAIDA DO VEICULO (ETY-3641)','A',2.00,'F','2018-03-23',NULL,827),(722,'SAIDA DO VEICULO (CWL-3178)','A',6.00,'F','2018-03-23',NULL,826),(723,'SAIDA DO VEICULO (OMJ-9489)','A',3.00,'F','2018-03-23',NULL,828),(724,'SAIDA DO VEICULO (FKI-8366)','A',12.00,'F','2018-03-23',NULL,821),(725,'SAIDA DO VEICULO (FDC-3800)','A',6.00,'F','2018-03-23',NULL,829),(726,'SAIDA DO VEICULO (BKL-9222)','A',3.00,'F','2018-03-23',NULL,830),(727,'SALDO INICIAL DE CAIXA 24/03/2018','L',60.00,'F','2018-03-24',NULL,NULL),(728,'SALDO INICIAL DE CAIXA 26/03/2018','L',60.00,'F','2018-03-26',NULL,NULL),(729,'SAIDA DO VEICULO (FWR-5520)','A',3.00,'F','2018-03-26',NULL,831),(730,'SAIDA DO VEICULO (FME-4840)','A',3.00,'F','2018-03-26',NULL,836),(731,'SAIDA DO VEICULO (DTR-2825)','A',6.00,'F','2018-03-26',NULL,834),(732,'SAIDA DO VEICULO (FKI-8366)','A',6.00,'F','2018-03-26',NULL,837),(733,'SAIDA DO VEICULO (CIK-2931)','A',6.00,'F','2018-03-26',NULL,838),(734,'SAIDA DO VEICULO (ENJ-4840)','A',3.00,'F','2018-03-26',NULL,839),(735,'SAIDA DO VEICULO (ETN-6197)','A',6.00,'F','2018-03-26',NULL,841),(736,'SALDO INICIAL DE CAIXA 27/03/2018','L',60.00,'F','2018-03-27',NULL,NULL),(737,'SAIDA DO VEICULO (DXW-3406)','A',2.00,'F','2018-03-27',NULL,845),(738,'SAIDA DO VEICULO (ENX-0489)','A',3.00,'F','2018-03-27',NULL,846),(739,'SAIDA DO VEICULO (END-2149)','A',2.00,'F','2018-03-27',NULL,847),(740,'SAIDA DO VEICULO (FMK-9865)','A',9.00,'F','2018-03-27',NULL,848),(741,'SAIDA DO VEICULO (FZP-0580)','A',6.00,'F','2018-03-27',NULL,850),(742,'SAIDA DO VEICULO (FQA-5545)','A',12.00,'F','2018-03-27',NULL,849),(743,'SALDO INICIAL DE CAIXA 28/03/2018','L',60.00,'F','2018-03-28',NULL,NULL),(744,'SAIDA DO VEICULO (FUX-8526)','A',6.00,'F','2018-03-28',NULL,855),(745,'SAIDA DO VEICULO (CFZ-1919)','A',6.00,'F','2018-03-28',NULL,854),(746,'SALDO INICIAL DE CAIXA 29/03/2018','L',60.00,'F','2018-03-29',NULL,NULL),(747,'SAIDA DO VEICULO (GKB-4388)','A',2.00,'F','2018-03-29',NULL,861),(748,'SAIDA DO VEICULO (ETY-4674)','A',6.00,'F','2018-03-29',NULL,862),(749,'SALDO INICIAL DE CAIXA 31/03/2018','L',60.00,'F','2018-03-31',NULL,NULL),(750,NULL,'L',NULL,'F','2018-03-31',NULL,NULL),(751,'SALDO INICIAL DE CAIXA 02/04/2018','L',60.00,'F','2018-04-02',NULL,NULL),(752,'SAIDA DO VEICULO (EPS-3164)','A',6.00,'F','2018-04-02',NULL,865),(753,'SAIDA DO VEICULO (FOE-0229)','A',9.00,'F','2018-04-02',NULL,866),(754,'SAIDA DO VEICULO (DNQ-1331)','A',2.00,'F','2018-04-02',NULL,868),(755,'SALDO INICIAL DE CAIXA 03/04/2018','L',60.00,'F','2018-04-03',NULL,NULL),(756,'SAIDA DO VEICULO (BOQ-9340)','A',3.00,'F','2018-04-03',NULL,874),(757,'SAIDA DO VEICULO (EDA-5168)','A',6.00,'F','2018-04-03',NULL,872),(758,'SAIDA DO VEICULO (DSL-3440)','A',9.00,'F','2018-04-03',NULL,873),(759,'SAIDA DO VEICULO (FME-4840)','A',18.00,'F','2018-04-03',NULL,869),(760,'SAIDA DO VEICULO (EZL-0948)','A',9.00,'F','2018-04-03',NULL,875),(761,'SAIDA DO VEICULO (BAP-2435)','A',3.00,'F','2018-04-03',NULL,876),(762,'SALDO INICIAL DE CAIXA 04/04/2018','L',60.00,'F','2018-04-04',NULL,NULL),(763,'SAIDA DO VEICULO (GGA-7930)','A',2.00,'F','2018-04-04',NULL,878),(764,'SAIDA DO VEICULO (FTP-0664)','A',2.00,'F','2018-04-04',NULL,879),(765,'SAIDA DO VEICULO (BXB-5553)','A',2.00,'F','2018-04-04',NULL,882),(766,'SAIDA DO VEICULO (ENX-0489)','A',2.00,'F','2018-04-04',NULL,883),(767,'SAIDA DO VEICULO (FTP-0664)','A',6.00,'F','2018-04-04',NULL,884),(768,'SAIDA DO VEICULO (AAQ-5394)','A',6.00,'F','2018-04-04',NULL,885),(769,'SALDO INICIAL DE CAIXA 05/04/2018','L',60.00,'F','2018-04-05',NULL,NULL),(770,'SAIDA DO VEICULO (GDD-4337)','A',2.00,'F','2018-04-05',NULL,892),(771,'SAIDA DO VEICULO (FEX-9973)','A',3.00,'F','2018-04-05',NULL,891),(772,'SAIDA DO VEICULO (FKI-9843)','A',6.00,'F','2018-04-05',NULL,890),(773,'SAIDA DO VEICULO (DYM-6629)','A',2.00,'F','2018-04-05',NULL,895),(774,'SAIDA DO VEICULO (FME-4840)','A',12.00,'F','2018-04-05',NULL,886),(775,'SAIDA DO VEICULO (ETY-1343)','A',6.00,'F','2018-04-05',NULL,893),(776,'SAIDA DO VEICULO (EFT-5677)','A',2.00,'F','2018-04-05',NULL,897),(777,'SALDO INICIAL DE CAIXA 06/04/2018','L',60.00,'F','2018-04-06',NULL,NULL),(778,'SAIDA DO VEICULO (BKD-5205)','A',2.00,'F','2018-04-06',NULL,898),(779,'SAIDA DO VEICULO (FKI-8366)','A',6.00,'F','2018-04-06',NULL,899),(780,'SAIDA DO VEICULO (DBC-0420)','A',9.00,'F','2018-04-06',NULL,900),(781,'SAIDA DO VEICULO (BKD-5205)','A',3.00,'F','2018-04-06',NULL,902),(782,'SAIDA DO VEICULO (FLH-4915)','A',3.00,'F','2018-04-06',NULL,903),(783,'SAIDA DO VEICULO (FSU-9060)','A',15.00,'F','2018-04-06',NULL,901),(784,'SALDO INICIAL DE CAIXA 09/04/2018','L',60.00,'F','2018-04-09',NULL,NULL),(785,'SAIDA DO VEICULO (FKI-8366)','A',6.00,'F','2018-04-09',NULL,906),(786,'SAIDA DO VEICULO (GJK-5667)','A',6.00,'F','2018-04-09',NULL,907),(787,'SAIDA DO VEICULO (DVM-6629)','A',2.00,'F','2018-04-09',NULL,909),(788,'SAIDA DO VEICULO (DKW-7215)','A',3.00,'F','2018-04-09',NULL,912),(789,'SAIDA DO VEICULO (DVM-6629)','A',9.00,'F','2018-04-09',NULL,911),(790,'SALDO INICIAL DE CAIXA 10/04/2018','L',60.00,'F','2018-04-10',NULL,NULL),(791,'SAIDA DO VEICULO (GBQ-5574)','A',2.00,'F','2018-04-10',NULL,916),(792,'SAIDA DO VEICULO (GFU-7675)','A',3.00,'F','2018-04-10',NULL,918),(793,'SAIDA DO VEICULO (ETY-3802)','A',6.00,'F','2018-04-10',NULL,917),(794,'SAIDA DO VEICULO (GCC-7699)','A',3.00,'F','2018-04-10',NULL,924),(795,'SAIDA DO VEICULO (CFZ-1919)','A',3.00,'F','2018-04-10',NULL,925),(796,'SAIDA DO VEICULO (FXF-6777)','A',3.00,'F','2018-04-10',NULL,926),(797,'SAIDA DO VEICULO (CLO-4829)','A',6.00,'F','2018-04-10',NULL,919),(798,'SAIDA DO VEICULO (FME-4840)','A',15.00,'F','2018-04-10',NULL,913),(799,'SAIDA DO VEICULO (ETY-4312)','A',9.00,'F','2018-04-10',NULL,921),(800,'SALDO INICIAL DE CAIXA 11/04/2018','L',60.00,'F','2018-04-11',NULL,NULL),(801,'SAIDA DO VEICULO (FRZ-5745)','A',2.00,'F','2018-04-11',NULL,929),(802,'SAIDA DO VEICULO (EHX-3754)','A',3.00,'F','2018-04-11',NULL,930),(803,'SAIDA DO VEICULO (FIG-3818)','A',3.00,'F','2018-04-11',NULL,933),(804,'SAIDA DO VEICULO (CWJ-4448)','A',6.00,'F','2018-04-11',NULL,932),(805,'SALDO INICIAL DE CAIXA 12/04/2018','L',60.00,'F','2018-04-12',NULL,NULL),(806,'SAIDA DO VEICULO (FME-4840)','A',3.00,'F','2018-04-12',NULL,936),(807,'SAIDA DO VEICULO (FGH-6385)','A',2.00,'F','2018-04-12',NULL,939),(808,'SALDO INICIAL DE CAIXA 13/04/2018','L',60.00,'F','2018-04-13',NULL,NULL),(809,'SAIDA DO VEICULO (FUO-1980)','A',6.00,'F','2018-04-13',NULL,945),(810,'SAIDA DO VEICULO (GIF-0809)','A',3.00,'F','2018-04-13',NULL,946),(811,'SAIDA DO VEICULO (FGD-5225)','A',6.00,'F','2018-04-13',NULL,944),(812,'SAIDA DO VEICULO (FIX-0328)','A',2.00,'F','2018-04-13',NULL,950),(813,'SAIDA DO VEICULO (FVK-3396)','A',6.00,'F','2018-04-13',NULL,947),(814,'SAIDA DO VEICULO (FTG-3020)','A',3.00,'F','2018-04-13',NULL,949),(815,'SAIDA DO VEICULO (FGK-1501)','A',6.00,'F','2018-04-13',NULL,948),(816,'SAIDA DO VEICULO (CBQ-2912)','A',3.00,'F','2018-04-13',NULL,952),(817,'SALDO INICIAL DE CAIXA 16/04/2018','L',60.00,'F','2018-04-16',NULL,NULL),(818,'SAIDA DO VEICULO (FKI-8366)','A',6.00,'F','2018-04-16',NULL,955),(819,'SAIDA DO VEICULO (DOR-3428)','A',3.00,'F','2018-04-16',NULL,956),(820,'SAIDA DO VEICULO (EPS-6811)','A',3.00,'F','2018-04-16',NULL,957),(821,'SAIDA DO VEICULO (EVJ-0072)','A',3.00,'F','2018-04-16',NULL,958),(822,'SAIDA DO VEICULO (GEE-1188)','A',6.00,'F','2018-04-16',NULL,959),(823,'SALDO INICIAL DE CAIXA 17/04/2018','L',60.00,'F','2018-04-17',NULL,NULL),(824,'SAIDA DO VEICULO (ETY-3893)','A',2.00,'F','2018-04-17',NULL,963),(825,'SAIDA DO VEICULO (GFU-7675)','A',3.00,'F','2018-04-17',NULL,964),(826,'SAIDA DO VEICULO (BRQ-9090)','A',3.00,'F','2018-04-17',NULL,965),(827,'SAIDA DO VEICULO (GKB-4388)','A',2.00,'F','2018-04-17',NULL,967),(828,'SAIDA DO VEICULO (CFZ-1919)','A',6.00,'F','2018-04-17',NULL,968),(829,'SAIDA DO VEICULO (FER-8966)','A',6.00,'F','2018-04-17',NULL,966),(830,'SAIDA DO VEICULO (FJR-7527)','A',6.00,'F','2018-04-17',NULL,969),(831,'SAIDA DO VEICULO (BLY-9704)','A',9.00,'F','2018-04-17',NULL,970),(832,'SALDO INICIAL DE CAIXA 18/04/2018','L',60.00,'F','2018-04-18',NULL,NULL),(833,'SAIDA DO VEICULO (ETY-4460)','A',6.00,'F','2018-04-18',NULL,974),(834,'SAIDA DO VEICULO (FPY-4070)','A',2.00,'F','2018-04-18',NULL,976),(835,'SALDO INICIAL DE CAIXA 19/04/2018','L',97.00,'F','2018-04-19',NULL,NULL),(836,'SAIDA DO VEICULO (FTP-7730)','A',21.00,'F','2018-04-19',NULL,980),(837,'PROBLEMA NO PC DESC HORA EXCEDIDA ','L',NULL,'F','2018-04-19',9.00,NULL),(838,'SAIDA DO VEICULO (MGU-1466)','A',6.00,'F','2018-04-19',NULL,982),(839,'SALDO INICIAL DE CAIXA 20/04/2018','L',60.00,'F','2018-04-20',NULL,NULL),(840,'SAIDA DO VEICULO (FKI-8366)','A',2.00,'F','2018-04-20',NULL,987),(841,'SAIDA DO VEICULO (EGT-4237)','A',9.00,'F','2018-04-20',NULL,986),(842,'SAIDA DO VEICULO (FHT-4324)','A',3.00,'F','2018-04-20',NULL,988),(843,'SALDO INICIAL DE CAIXA 23/04/2018','L',60.00,'F','2018-04-23',NULL,NULL),(844,'SAIDA DO VEICULO (FJX-0356)','A',2.00,'F','2018-04-23',NULL,993),(845,'SAIDA DO VEICULO (GJK-5667)','A',6.00,'F','2018-04-23',NULL,991),(846,'SAIDA DO VEICULO (FKI-8366)','A',3.00,'F','2018-04-23',NULL,992),(847,'SAIDA DO VEICULO (EER-0608)','A',6.00,'F','2018-04-23',NULL,994),(848,'SAIDA DO VEICULO (FKI-8366)','A',6.00,'F','2018-04-23',NULL,995),(849,'SAIDA DO VEICULO (GFF-3773)','A',3.00,'F','2018-04-23',NULL,997),(850,'SAIDA DO VEICULO (FLH-4921)','A',9.00,'F','2018-04-23',NULL,996),(851,'SAIDA DO VEICULO (DXR-5578)','A',3.00,'F','2018-04-23',NULL,998),(852,'SALDO INICIAL DE CAIXA 24/04/2018','L',60.00,'F','2018-04-24',NULL,NULL),(853,'SAIDA DO VEICULO (EYZ-7478)','A',2.00,'F','2018-04-24',NULL,1003),(854,'SALDO INICIAL DE CAIXA 25/04/2018','L',60.00,'F','2018-04-25',NULL,NULL),(855,'SAIDA DO VEICULO (DFT-6556)','A',2.00,'F','2018-04-25',NULL,1007),(856,'SAIDA DO VEICULO (DNQ-1081)','A',9.00,'F','2018-04-25',NULL,1006),(857,'SALDO INICIAL DE CAIXA 26/04/2018','L',60.00,'F','2018-04-26',NULL,NULL),(858,'SAIDA DO VEICULO (ETN-6197)','A',2.00,'F','2018-04-26',NULL,1012),(859,'SAIDA DO VEICULO (GCV-8525)','A',6.00,'F','2018-04-26',NULL,1014),(860,'SAIDA DO VEICULO (GFF-3773)','A',6.00,'F','2018-04-26',NULL,1015),(861,'SAIDA DO VEICULO (EDA-2430)','A',6.00,'F','2018-04-26',NULL,1016),(862,'SALDO INICIAL DE CAIXA 27/04/2018','L',60.00,'F','2018-04-27',NULL,NULL),(863,'SAIDA DO VEICULO (GFF-3773)','A',12.00,'F','2018-04-27',NULL,1019),(864,'SALDO INICIAL DE CAIXA 28/04/2018','L',60.00,'F','2018-04-28',NULL,NULL),(865,NULL,'L',NULL,'F','2018-04-28',NULL,NULL),(866,'SALDO INICIAL DE CAIXA 30/04/2018','L',60.00,'F','2018-04-30',NULL,NULL),(867,'SAIDA DO VEICULO (ETN-6197)','A',2.00,'F','2018-04-30',NULL,1021),(868,'SAIDA DO VEICULO (EER-5698)','A',6.00,'F','2018-04-30',NULL,1022),(869,'SAIDA DO VEICULO (GIX-5426)','A',3.00,'F','2018-04-30',NULL,1024),(870,'SALDO INICIAL DE CAIXA 02/05/2018','L',60.00,'F','2018-05-02',NULL,NULL),(871,'SAIDA DO VEICULO (DRG-3025)','A',2.00,'F','2018-05-02',NULL,1030),(872,'SAIDA DO VEICULO (ABP-4484)','A',3.00,'F','2018-05-02',NULL,1029),(873,'SAIDA DO VEICULO (FSM-0672)','A',6.00,'F','2018-05-02',NULL,1032),(874,'SAIDA DO VEICULO (FSL-0640)','A',2.00,'F','2018-05-02',NULL,1033),(875,'SAIDA DO VEICULO (FUV-6396)','A',3.00,'F','2018-05-02',NULL,1036),(876,'SAIDA DO VEICULO (CXO-0079)','A',9.00,'F','2018-05-02',NULL,1034),(877,'SAIDA DO VEICULO (BUX-3303)','A',9.00,'F','2018-05-02',NULL,1037),(878,'SALDO INICIAL DE CAIXA 03/05/2018','L',60.00,'F','2018-05-03',NULL,NULL),(879,'SAIDA DO VEICULO (FZO-5835)','A',6.00,'F','2018-05-03',NULL,1041),(880,'SALDO INICIAL DE CAIXA 04/05/2018','L',60.00,'F','2018-05-04',NULL,NULL),(881,'SAIDA DO VEICULO (GFU-7675)','A',3.00,'F','2018-05-04',NULL,1045),(882,'SAIDA DO VEICULO (GHU-6617)','A',2.00,'F','2018-05-04',NULL,1046),(883,'SALDO INICIAL DE CAIXA 05/05/2018','L',60.00,'F','2018-05-05',NULL,NULL),(884,'SALDO INICIAL DE CAIXA 07/05/2018','L',60.00,'F','2018-05-07',NULL,NULL),(885,'SAIDA DO VEICULO (GJT-6078)','A',6.00,'F','2018-05-07',NULL,1048),(886,'SAIDA DO VEICULO (ETY-3484)','A',3.00,'F','2018-05-07',NULL,1050),(887,'SAIDA DO VEICULO (FES-8643)','A',2.00,'F','2018-05-07',NULL,1051),(888,'SAIDA DO VEICULO (CVH-1150)','A',9.00,'F','2018-05-07',NULL,1049),(889,'SAIDA DO VEICULO (GJK-5667)','A',6.00,'F','2018-05-07',NULL,1052),(890,'SAIDA DO VEICULO (DXW-8212)','A',2.00,'F','2018-05-07',NULL,1056),(891,'SAIDA DO VEICULO (DXW-8635)','A',6.00,'F','2018-05-07',NULL,1054),(892,'SAIDA DO VEICULO (FRE-4990)','A',9.00,'F','2018-05-07',NULL,1055),(893,'SALDO INICIAL DE CAIXA 08/05/2018','L',60.00,'A','2018-05-08',NULL,NULL),(894,'SAIDA DO VEICULO (DWZ-7925)','A',8.00,'A','2018-05-08',NULL,1057),(895,'SAIDA DO VEICULO (FME-4840)','A',12.00,'A','2018-05-08',NULL,1059),(896,'SAIDA DO VEICULO (FNK-2827)','A',6.00,'A','2018-05-08',NULL,1063),(897,'SAIDA DO VEICULO (FIP-9405)','A',9.00,'A','2018-05-08',NULL,1064),(898,'SALDO INICIAL DE CAIXA 09/05/2018','L',60.00,'F','2018-05-09',NULL,NULL),(899,'SAIDA DO VEICULO (GIX-5426)','A',6.00,'F','2018-05-09',NULL,1070),(900,'SAIDA DO VEICULO (EYF-8138)','A',9.00,'F','2018-05-09',NULL,1069),(901,'SAIDA DO VEICULO (GCD-0131)','A',6.00,'F','2018-05-09',NULL,1071),(902,'SAIDA DO VEICULO (BKE-2786)','A',2.00,'F','2018-05-09',NULL,1072),(903,'SAIDA DO VEICULO (BKC-0798)','A',3.00,'F','2018-05-09',NULL,1073),(904,'SALDO INICIAL DE CAIXA 10/05/2018','L',60.00,'F','2018-05-10',NULL,NULL),(905,'SAIDA DO VEICULO (FPZ-5620)','A',2.00,'F','2018-05-10',NULL,1077),(906,'SAIDA DO VEICULO (DYE-0508)','A',9.00,'F','2018-05-10',NULL,1076),(907,'SAIDA DO VEICULO (DKW-8377)','A',3.00,'F','2018-05-10',NULL,1080),(908,'SAIDA DO VEICULO (GCH-2400)','A',3.00,'F','2018-05-10',NULL,1079),(909,'SAIDA DO VEICULO (DKA-8044)','A',6.00,'F','2018-05-10',NULL,1078),(910,'SAIDA DO VEICULO (GJI-6120)','A',3.00,'F','2018-05-10',NULL,1081),(911,'SAIDA DO VEICULO (EGK-0606)','A',2.00,'F','2018-05-10',NULL,1082),(912,'SAIDA DO VEICULO (JRG-1881)','A',6.00,'F','2018-05-10',NULL,1083),(913,'SALDO INICIAL DE CAIXA 11/05/2018','L',60.00,'F','2018-05-11',NULL,NULL),(914,'SAIDA DO VEICULO (AYN-4112)','A',2.00,'F','2018-05-11',NULL,1087),(915,'SAIDA DO VEICULO (EDV-4757)','A',3.00,'F','2018-05-11',NULL,1088),(916,'SAIDA DO VEICULO (ETY-1300)','A',6.00,'F','2018-05-11',NULL,1089),(917,'SAIDA DO VEICULO (DNQ-1081)','A',12.00,'F','2018-05-11',NULL,1086),(918,'SAIDA DO VEICULO (EGK-0606)','A',6.00,'F','2018-05-11',NULL,1091),(919,'SAIDA DO VEICULO (JRG-1881)','A',15.00,'F','2018-05-11',NULL,1090),(920,'SALDO INICIAL DE CAIXA 14/05/2018','L',60.00,'F','2018-05-14',NULL,NULL),(921,'SAIDA DO VEICULO (GBV-9805)','A',6.00,'F','2018-05-14',NULL,1094),(922,'SAIDA DO VEICULO (FPW-9119)','A',6.00,'F','2018-05-14',NULL,1096),(923,'SAIDA DO VEICULO (EON-9263)','A',4.00,'F','2018-05-14',NULL,1095),(924,'SAIDA DO VEICULO (FWI-4605)','A',6.00,'F','2018-05-14',NULL,1098),(925,'SAIDA DO VEICULO (ETN-6197)','A',18.00,'F','2018-05-14',NULL,1097),(926,'SAIDA DO VEICULO (FJE-1325)','A',6.00,'F','2018-05-14',NULL,1099),(927,'SALDO INICIAL DE CAIXA 15/05/2018','L',60.00,'F','2018-05-15',NULL,NULL),(928,'SAIDA DO VEICULO (FME-4840)','A',12.00,'F','2018-05-15',NULL,1100),(929,'SAIDA DO VEICULO (FME-5095)','A',2.00,'F','2018-05-15',NULL,1105),(930,'SAIDA DO VEICULO (FSF-4988)','A',6.00,'F','2018-05-15',NULL,1104),(931,'SALDO INICIAL DE CAIXA 16/05/2018','L',60.00,'F','2018-05-16',NULL,NULL),(932,'SAIDA DO VEICULO (BMS-0627)','A',2.00,'F','2018-05-16',NULL,1110),(933,'SALDO INICIAL DE CAIXA 17/05/2018','L',60.00,'F','2018-05-17',NULL,NULL),(934,'SAIDA DO VEICULO (ERH-0171)','A',6.00,'F','2018-05-17',NULL,1118),(935,'SAIDA DO VEICULO (FHL-0652)','A',3.00,'F','2018-05-17',NULL,1119),(936,'SAIDA DO VEICULO (FME-4840)','A',15.00,'F','2018-05-17',NULL,1113),(937,'SAIDA DO VEICULO (FOP-1905)','A',6.00,'F','2018-05-17',NULL,1120),(938,'SAIDA DO VEICULO (FJR-7527)','A',18.00,'F','2018-05-17',NULL,1117),(939,'SAIDA DO VEICULO (FUV-6996)','A',2.00,'F','2018-05-17',NULL,1121),(940,'SALDO INICIAL DE CAIXA 18/05/2018','L',60.00,'A','2018-05-18',NULL,NULL),(941,'SAIDA DO VEICULO (FME-4840)','A',3.00,'A','2018-05-18',NULL,1124),(942,'SAIDA DO VEICULO (EDA-4558)','A',3.00,'A','2018-05-18',NULL,1126);
/*!40000 ALTER TABLE `tb_caixa` ENABLE KEYS */;
UNLOCK TABLES;

--
-- Table structure for table `tb_cliente`
--

DROP TABLE IF EXISTS `tb_cliente`;
CREATE TABLE `tb_cliente` (
  `codigo` int(11) NOT NULL auto_increment,
  `tipo_pessoa` char(1) default NULL,
  `cpf_cnpj` varchar(20) default NULL,
  `nome` varchar(100) default NULL,
  `cep` varchar(9) default NULL,
  `endereco` varchar(100) default NULL,
  `bairro` varchar(30) default NULL,
  `cidade` varchar(50) default NULL,
  `estado` char(2) default NULL,
  `telefone` varchar(20) default NULL,
  `celular` varchar(20) default NULL,
  `email` varchar(100) default NULL,
  `idplano` int(11) default NULL,
  `dt_validade` date default NULL,
  `observacao` varchar(500) default NULL,
  `inativo` char(1) default NULL,
  PRIMARY KEY  (`codigo`)
) ENGINE=InnoDB AUTO_INCREMENT=22 DEFAULT CHARSET=latin1;

--
-- Dumping data for table `tb_cliente`
--

LOCK TABLES `tb_cliente` WRITE;
/*!40000 ALTER TABLE `tb_cliente` DISABLE KEYS */;
INSERT INTO `tb_cliente` VALUES (1,'F',NULL,NULL,NULL,NULL,NULL,NULL,NULL,NULL,NULL,NULL,NULL,NULL,NULL,'N'),(2,'F','257.602.618-43','RENATA APARECIDA RONCAGLIO ASSIRATI','14883-300','AVENIDA JOSÉ A. ARROBAS MARTINS 721','JARDIM NOVA APARECIDA','JABOTICABAL','SP',NULL,'99714-9932',NULL,5,'2018-05-30','COMEÇOU DIA 20/11/2017\r\nFUNCIONÁRIA HMSI','N'),(3,NULL,NULL,NULL,NULL,NULL,NULL,NULL,NULL,NULL,NULL,NULL,NULL,NULL,NULL,'N'),(4,'F','271.143.458-36','EDSON ALVES JULIÃO','14890-430','AVENIDA SEBASTIÃO AUGELI  Nº651','CIDADE JARDIM','JABOTICABAL','SP',NULL,'99215-4279',NULL,5,'2018-05-30','COMEÇOU DIA 24/11/2017\r\nFUNCIONÁRIO HMSI','N'),(5,'F','225.880.958-44','CLAUDIA LUCIANA DE SOUSA','14890-410','RUA AGOSTINHO ENNES Nº201','CIDADE JARDIM','JABOTICABAL','SP','3204-8081','99210-9414',NULL,5,'2017-12-31','COMEÇOU DIA 28/11/2017\r\nFUNCIONÁRIA RH - HMSI\r\nOBS: VEIO ATÉ 12/12/2017','S'),(6,NULL,NULL,NULL,NULL,NULL,NULL,NULL,NULL,NULL,NULL,NULL,NULL,NULL,NULL,'N'),(7,'F','191.086.898-14','MARCIO ROGERIO MATURO','14870-420','RUA CASTRO ALVES, 260','CENTRO','JABOTICABAL','SP',NULL,'(16)98251-7025',NULL,5,'2017-12-31','COMEÇOU DIA 28/11/2017\r\nFUNCIONÁRIO HMSI\r\n\r\nVEIO ATÉ 13/12/2017\r\n','S'),(8,'F','199.622.738-62','LINDALVA BATISTA ANDRADE','14875-540','RUA FRANCISCO ARRÉ, 161','JD. ANGÉLICA','JABOTICABAL','SP',NULL,'(16)99701-2937',NULL,6,'2017-11-30','COMEÇOU DIA 28/11/2017\r\nFUNCIONÁRIA UNIMED - RECEPCIONISTA\r\n\r\n','S'),(9,'F','363.522.718-80','VANESSA BATISTA DA CRUZ','14840-000','AV. RITA PEREIRA MORAES SANTOS, 200','MARIO CAZERI','GUARIBA','SP',NULL,'(16)99283-9585',NULL,5,'2017-11-30','COMEÇOU DIA 28/11/2017\r\nFUNCIONÁRIA HMSI\r\nTÉC. ENFERMAGEM','S'),(10,'F','979.768.658-20','JOSÉ CARLOS DE OLIVEIRA','14875-420','RUA AMALIA MONTEIRO VITTA Nº177','COHAB 1','JABOTICABAL','SP','3203-3278','99717-0454',NULL,6,NULL,'FUNCIONÁRIO UNIMED-MOTORISTA\r\n','S'),(11,'F','064.299.739-05','VANDREI AGOSTINHO HANG','14883-394','TRAV. FRANCISCO COUTO DUQUE, 50','RECREIO DOS BANDEIRANTES','JABOTICABAL','SP',NULL,'(16)99784-7716',NULL,6,'2017-11-30','COMEÇOU DIA 29/11/2017\r\nFUNCIONÁRIO UNIMED \r\nCENTRO DE REFERÊNCIA - TÉC. ENFERMAGEM','S'),(12,'F','248.359.628-26','LEANDRA DE LIO SOARES','14883-222','RUA MANOEL LACERDA Nº72','JARDIM BELA VISTA','JABOTICABAL','SP',NULL,'99739-0903',NULL,6,'2018-05-30','COMEÇOU DIA 30/11/2017\r\nFUNCIONÁRIA DA UNIMED AREA DE SUPRIMENTOS','N'),(13,'F','093.674.928-80','PAULO SÉRGIO TRIZOLIO','14840-000','RUA JABOTICABAL Nº81','COHAB 1','GUARIBA','SP','3251-3012','99249-4902',NULL,6,'2017-12-31','COMEÇOU DIA 01/12/2017\r\nFUNCIONÁRIO DA UNIMED\r\nMOTORISTA\r\n','S'),(14,'F','382.588.968-81','AYRTON ANTONIO GONZALEZ CARDOSO','14876-249','RUA ISIDORO GARCIA Nº320','RESIDENCIAL','JABOTICABAL','SP','3203-8340','99770-0993',NULL,6,'2018-01-31','COMEÇOU DIA 01/12/2017\r\nFUNCIONÁRIO UNIMED 24 HORAS\r\nTÉCNICO DE ENFERMAGEM\r\n','S'),(15,NULL,NULL,NULL,NULL,NULL,NULL,NULL,NULL,NULL,NULL,NULL,NULL,NULL,NULL,'N'),(16,'F','930.685.308-49','NILVA BONETE DOS SANTOS','14871-785','RUA NAJA CHUERI  Nº51','JARDIM DAS ROSAS','JABOTICABAL','SP',NULL,'99709-2668',NULL,5,'2018-01-31','COMEÇOU DIA 12/12/2017\r\nFUNCIONÁRIA HMSI \r\nVEIO ATÉ DIA 08/01/2018','S'),(17,NULL,NULL,NULL,NULL,NULL,NULL,NULL,NULL,NULL,NULL,NULL,NULL,NULL,NULL,'N'),(18,'F',NULL,NULL,NULL,NULL,NULL,NULL,NULL,NULL,NULL,NULL,NULL,NULL,NULL,'N'),(19,'F','176.964.868-29','MARIA DE FÁTIMA DA COSTA E SILVA','14876-132','RUA VICENTE TOFANI  Nº35','SÃO BOM JESUS','JABOTICABAL','SP',NULL,'99761-0607',NULL,5,'2018-05-30','FUNCIONÁRIA HMSI\r\nSETOR-COSTURA\r\nCOMEÇOU DIA 01/02/2018 ','N'),(20,'F','319.927.038-76','ELAINE RODRIGUES RENZI',NULL,'RUA ANTONIO DA SILVA 321','JARDIM MORADA NOVA','JABOTICABAL','SP','3203-1687',NULL,NULL,4,'2018-04-10','Funcionaria HMSI Entrada as 07:07:18','S'),(21,'F','344.730.638-60','MARIANA CAROLINA SENEM PENTEADO',NULL,'MMI ALEMANHA 341','CENTRO','JABOTICABAL','SP',NULL,'99792-6782',NULL,3,'2018-05-10','funcionaria hmsi','N');
/*!40000 ALTER TABLE `tb_cliente` ENABLE KEYS */;
UNLOCK TABLES;

--
-- Table structure for table `tb_convenio`
--

DROP TABLE IF EXISTS `tb_convenio`;
CREATE TABLE `tb_convenio` (
  `codigo` int(11) NOT NULL auto_increment,
  `descricao` varchar(100) default NULL,
  `tipo_desconto` char(1) default NULL,
  `valor_desconto` float(15,2) default NULL,
  `cobrar_cliente` char(1) default NULL,
  `inativo` char(1) default NULL,
  PRIMARY KEY  (`codigo`)
) ENGINE=InnoDB DEFAULT CHARSET=latin1;

--
-- Dumping data for table `tb_convenio`
--

LOCK TABLES `tb_convenio` WRITE;
/*!40000 ALTER TABLE `tb_convenio` DISABLE KEYS */;
/*!40000 ALTER TABLE `tb_convenio` ENABLE KEYS */;
UNLOCK TABLES;

--
-- Table structure for table `tb_empresa`
--

DROP TABLE IF EXISTS `tb_empresa`;
CREATE TABLE `tb_empresa` (
  `codigo` int(11) NOT NULL auto_increment,
  `cnpj` varchar(20) default NULL,
  `razao_social` varchar(100) default NULL,
  `endereco` varchar(100) default NULL,
  `cidade` varchar(50) default NULL,
  `bairro` varchar(30) default NULL,
  `cep` varchar(9) default NULL,
  `uf` char(2) default NULL,
  `bloq_hora_windows` char(1) default NULL,
  `telefone` varchar(20) default NULL,
  `telefone1` varchar(20) default NULL,
  `FUNCIONAMENTO` varchar(50) default NULL,
  `senhaadm` varchar(10) default NULL,
  PRIMARY KEY  (`codigo`)
) ENGINE=InnoDB AUTO_INCREMENT=2 DEFAULT CHARSET=latin1;

--
-- Dumping data for table `tb_empresa`
--

LOCK TABLES `tb_empresa` WRITE;
/*!40000 ALTER TABLE `tb_empresa` DISABLE KEYS */;
INSERT INTO `tb_empresa` VALUES (1,'56.896.368/0001-34','HOSPITAL MATER. SANTA IZABEL','RUA FLORIANO PEIXOTO, 1387','JABOTICABAL','CENTRO','14870-810','SP','N','(16)3209-2333',NULL,'Func.: 07:00 hs as 19:45 hs - Tolera 5min','hmsi1387');
/*!40000 ALTER TABLE `tb_empresa` ENABLE KEYS */;
UNLOCK TABLES;

--
-- Table structure for table `tb_mensalidade`
--

DROP TABLE IF EXISTS `tb_mensalidade`;
CREATE TABLE `tb_mensalidade` (
  `codigo` int(11) NOT NULL auto_increment,
  `codcliente` int(11) default NULL,
  `dt_vencimento` date default NULL,
  `vlr_pagar` float(15,2) default NULL,
  `dt_pagamento` date default NULL,
  `vlr_pago` float(15,2) default NULL,
  `situacao` char(1) default NULL,
  `historico` varchar(150) default NULL,
  `dt_final` date default NULL,
  `fechado` char(1) default NULL,
  PRIMARY KEY  (`codigo`),
  KEY `codcliente` (`codcliente`),
  CONSTRAINT `tb_mensalidade_fk` FOREIGN KEY (`codcliente`) REFERENCES `tb_cliente` (`codigo`) ON DELETE NO ACTION ON UPDATE NO ACTION
) ENGINE=InnoDB AUTO_INCREMENT=69 DEFAULT CHARSET=latin1;

--
-- Dumping data for table `tb_mensalidade`
--

LOCK TABLES `tb_mensalidade` WRITE;
/*!40000 ALTER TABLE `tb_mensalidade` DISABLE KEYS */;
INSERT INTO `tb_mensalidade` VALUES (1,NULL,'2017-11-30',NULL,NULL,NULL,NULL,NULL,NULL,NULL),(2,NULL,'2017-11-30',16.66,'2017-11-30',16.66,NULL,NULL,NULL,NULL),(3,NULL,'2017-11-30',NULL,NULL,NULL,NULL,NULL,NULL,NULL),(4,NULL,'2017-11-30',NULL,NULL,NULL,NULL,NULL,NULL,NULL),(5,NULL,'2017-11-30',16.66,NULL,NULL,NULL,NULL,NULL,NULL),(6,NULL,'2017-11-30',NULL,NULL,NULL,NULL,NULL,NULL,NULL),(7,2,'2017-11-20',50.00,NULL,NULL,'C','MENSALISTA',NULL,'N'),(8,2,'2017-11-20',50.00,NULL,NULL,'C','MENSALIDADE',NULL,NULL),(9,2,'2017-11-20',50.00,NULL,NULL,'C','MENSALISTA UNIMED - 30 DIAS',NULL,'N'),(10,2,'2017-11-20',50.00,'2017-11-30',18.33,'P','MENSALISTA HMSI - 30 DIAS','2017-11-30','S'),(11,4,'2017-11-24',50.00,'2017-11-30',11.67,'P','MENSALISTA HMSI - 30 DIAS','2017-11-30','S'),(12,5,'2017-11-28',50.00,'2017-11-30',5.00,'P','MENSALISTA HMSI - 30 DIAS','2017-11-30','S'),(13,7,'2017-11-28',50.00,'2017-11-30',5.00,'P','MENSALISTA HMSI - 30 DIAS','2017-11-30','S'),(14,9,'2017-11-28',50.00,'2017-11-30',5.00,'P','MENSALISTA HMSI - 30 DIAS','2017-11-30','S'),(15,8,'2017-11-28',50.00,NULL,NULL,'C','MENSALISTA HMSI - 30 DIAS',NULL,'N'),(16,8,'2017-11-28',50.00,'2017-11-30',5.00,'P','MENSALISTA UNIMED - 30 DIAS','2017-11-30','S'),(17,11,'2017-11-29',50.00,'2017-11-30',3.33,'P','MENSALISTA UNIMED - 30 DIAS','2017-11-30','S'),(18,12,'2017-11-30',50.00,'2017-11-30',1.67,'P','MENSALISTA UNIMED - 30 DIAS','2017-11-30','S'),(19,NULL,NULL,NULL,NULL,NULL,'A',NULL,NULL,'N'),(20,2,'2017-12-01',50.00,NULL,NULL,'C','MENSALISTA HMSI - 30 DIAS',NULL,'N'),(21,13,'2017-12-01',50.00,'2017-12-31',50.00,'P','MENSALISTA UNIMED - 30 DIAS','2017-12-31','S'),(22,NULL,'2017-12-01',NULL,NULL,NULL,NULL,NULL,'2017-12-31',NULL),(23,NULL,'2017-12-01',NULL,NULL,NULL,NULL,NULL,'2017-12-31',NULL),(24,4,'2017-12-01',50.00,'2017-12-31',50.00,'P','MENSALISTA HMSI - 30 DIAS','2017-12-31','S'),(25,5,'2017-12-01',50.00,NULL,NULL,'C','MENSALISTA HMSI - 30 DIAS','2018-01-31','N'),(26,12,'2017-12-01',50.00,'2017-12-31',50.00,'P','MENSALISTA UNIMED - 30 DIAS','2017-12-31','S'),(27,14,'2017-12-01',50.00,'2017-12-31',50.00,'P','MENSALISTA UNIMED - 30 DIAS','2017-12-31','S'),(28,16,'2017-12-12',50.00,'2017-12-31',32.26,'P','MENSALISTA HMSI - 30 DIAS','2017-12-31','S'),(29,16,'2017-12-31',50.00,NULL,NULL,'C','MENSALISTA HMSI - 30 DIAS','2018-01-31','N'),(30,2,'2017-12-01',50.00,'2017-12-31',50.00,'P','MENSALISTA HMSI - 30 DIAS','2017-12-31','S'),(31,5,'2017-12-01',50.00,NULL,NULL,'C','MENSALISTA HMSI - 30 DIAS',NULL,'N'),(32,5,'2017-12-01',50.00,'2017-12-12',19.35,'P','MENSALISTA HMSI - 30 DIAS','2017-12-31','S'),(33,7,'2017-12-01',50.00,'2017-12-13',20.97,'P','MENSALISTA HMSI - 30 DIAS','2017-12-31','S'),(34,2,'2017-12-30',50.00,NULL,NULL,'C','MENSALISTA HMSI - 30 DIAS',NULL,'N'),(35,12,'2017-12-31',50.00,NULL,NULL,'C','MENSALISTA UNIMED - 30 DIAS','2017-12-31','N'),(36,2,NULL,50.00,NULL,NULL,'C','MENSALISTA HMSI - 30 DIAS','2017-12-31','N'),(37,2,'2018-01-01',50.00,'2018-01-31',50.00,'P','MENSALISTA HMSI - 30 DIAS','2018-01-31','S'),(38,4,'2018-01-01',50.00,'2018-01-31',50.00,'P','MENSALISTA HMSI - 30 DIAS','2018-01-31','S'),(39,12,'2018-01-01',50.00,'2018-01-31',50.00,'P','MENSALISTA UNIMED - 30 DIAS','2018-01-31','S'),(40,16,'2018-01-01',50.00,'2018-01-31',50.00,'P','MENSALISTA HMSI - 30 DIAS','2018-01-31','S'),(41,2,'2018-02-01',50.00,'2018-02-28',50.00,'P','MENSALISTA HMSI - 30 DIAS','2018-02-28','S'),(42,4,'2018-02-01',50.00,'2018-02-28',50.00,'P','MENSALISTA HMSI - 30 DIAS','2018-02-28','S'),(43,12,'2018-02-01',50.00,'2018-02-28',50.00,'P','MENSALISTA UNIMED - 30 DIAS','2018-02-28','S'),(44,19,'2018-02-01',50.00,'2018-02-28',50.00,'P','MENSALISTA HMSI - 30 DIAS','2018-02-28','S'),(45,2,'2018-03-01',50.00,'2018-03-31',50.00,'P','MENSALISTA HMSI - 30 DIAS','2018-03-31','S'),(46,4,'2018-03-01',50.00,'2018-03-31',50.00,'P','MENSALISTA HMSI - 30 DIAS','2018-03-31','S'),(47,12,'2018-03-01',50.00,'2018-03-31',50.00,'P','MENSALISTA UNIMED - 30 DIAS','2018-03-31','S'),(48,19,'2018-03-01',50.00,'2018-03-31',50.00,'P','MENSALISTA HMSI - 30 DIAS','2018-03-31','S'),(49,20,'2018-04-10',15.00,'2018-04-10',NULL,'C','DIARISTA 8 HORAS',NULL,'N'),(50,2,NULL,50.00,NULL,NULL,'C','MENSALISTA HMSI - 30 DIAS',NULL,'N'),(51,20,NULL,15.00,NULL,NULL,'C','DIARISTA 8 HORAS',NULL,'N'),(52,20,'2018-04-10',20.00,NULL,NULL,'C','DIARIA 12 HORAS','2018-04-30','N'),(53,20,NULL,15.00,NULL,NULL,'C','DIARISTA 8 HORAS',NULL,'N'),(54,20,'2018-04-10',20.00,'2018-04-10',0.00,'P','DIARIA 12 HORAS',NULL,'S'),(55,2,'2018-04-01',20.00,NULL,NULL,'C','DIARIA ','2018-04-30','N'),(56,2,NULL,130.00,NULL,NULL,'C','MENSALISTA 30 DIAS',NULL,'N'),(57,2,'2018-04-01',50.00,'2018-04-30',50.00,'P','MENSALISTA HMSI - 30 DIAS','2018-04-30','S'),(58,4,'2018-04-01',50.00,'2018-04-30',50.00,'P','MENSALISTA HMSI - 30 DIAS','2018-04-30','S'),(59,12,'2018-04-01',50.00,'2018-04-30',50.00,'P','MENSALISTA UNIMED - 30 DIAS','2018-04-30','S'),(60,19,'2018-04-01',50.00,'2018-04-30',50.00,'P','MENSALISTA HMSI - 30 DIAS','2018-04-30','S'),(61,21,'2018-05-09',15.00,'2018-05-18',39.13,'P','DIARISTA 8 HORAS','2018-05-31','S'),(62,21,'2018-05-18',15.00,'2018-05-09',15.00,'P','DIARISTA 8 HORAS',NULL,'S'),(63,NULL,'2018-05-09',NULL,NULL,NULL,NULL,NULL,'2018-05-31',NULL),(64,21,'2018-05-09',15.00,'2018-05-18',0.00,'P','DIARISTA 8 HORAS',NULL,'S'),(65,21,'2018-05-09',15.00,'2018-05-18',15.00,'P','DIARISTA 8 HORAS',NULL,'S'),(66,21,'2018-05-18',15.00,'2018-05-18',15.00,'P','DIARISTA 8 HORAS',NULL,'S'),(67,21,'2018-05-09',15.00,'2018-05-18',15.00,'P','DIARISTA 8 HORAS',NULL,'S'),(68,21,'2018-05-10',15.00,'2018-05-10',6.82,'P','DIARISTA 8 HORAS','2018-05-31','S');
/*!40000 ALTER TABLE `tb_mensalidade` ENABLE KEYS */;
UNLOCK TABLES;

--
-- Table structure for table `tb_movimentacao`
--

DROP TABLE IF EXISTS `tb_movimentacao`;
CREATE TABLE `tb_movimentacao` (
  `codigo` int(11) NOT NULL auto_increment,
  `placa` varchar(8) default NULL,
  `descricao` varchar(100) default NULL,
  `tipo_cliente` char(1) default NULL,
  `situacao` char(1) default NULL,
  `dt_inclucao` date default NULL,
  `hora_entrada` timestamp NULL default '0000-00-00 00:00:00',
  `hora_saida` timestamp NULL default '0000-00-00 00:00:00',
  `valor_cobrado` float(15,2) default NULL,
  `valor_pago` float(15,2) default NULL,
  `total_hora` int(11) default NULL,
  `tipoveiculo` int(11) default NULL,
  `codconvenio` int(11) default NULL,
  `valor_desconto` float(15,2) default NULL,
  PRIMARY KEY  (`codigo`)
) ENGINE=InnoDB AUTO_INCREMENT=1129 DEFAULT CHARSET=latin1;

--
-- Dumping data for table `tb_movimentacao`
--

LOCK TABLES `tb_movimentacao` WRITE;
/*!40000 ALTER TABLE `tb_movimentacao` DISABLE KEYS */;
INSERT INTO `tb_movimentacao` VALUES (1,'ETY-3598','FORD KA PRATA','A','P','2017-09-06','2017-09-06 12:47:08','2017-09-06 13:41:19',3.00,NULL,NULL,1,NULL,NULL),(2,'FGO-6490','GOLF BRANCO','A','P','2017-09-08','2017-09-08 12:53:37','2017-09-08 14:13:33',6.00,NULL,NULL,1,NULL,NULL),(3,'FJC-7869','UNO VINHO','A','P','2017-09-08','2017-09-08 12:56:54','2017-09-08 13:26:00',2.00,NULL,NULL,1,NULL,NULL),(4,'BKA-4363','SANTANA VERDE','A','P','2017-09-11','2017-09-11 11:54:52','2017-09-11 12:48:00',3.00,NULL,NULL,1,NULL,NULL),(5,'DKB-5363','ASTRA PRATA','A','P','2017-09-12','2017-09-12 11:11:24','2017-09-12 11:20:24',2.00,NULL,NULL,1,NULL,NULL),(6,'FUY-8448','HB 20 BRANCO','A','P','2017-09-13','2017-09-13 17:10:27','2017-09-13 18:49:17',6.00,NULL,NULL,1,NULL,NULL),(7,'BKD-6163','PARATY PRATA','A','P','2017-09-14','2017-09-14 10:31:04','2017-09-14 11:40:02',6.00,NULL,NULL,1,NULL,NULL),(8,'DAC-0920','SANG YONG PRETA','A','P','2017-09-14','2017-09-14 12:24:01','2017-09-14 15:20:02',9.00,NULL,NULL,1,NULL,NULL),(9,'EKD-3075','FIESTA PRETO','A','P','2017-09-14','2017-09-14 18:03:15','2017-09-14 19:32:52',6.00,NULL,NULL,1,NULL,NULL),(10,'DBE-4087','CORSA PRATA','A','P','2017-09-14','2017-09-14 18:11:07','2017-09-14 20:12:07',9.00,NULL,NULL,1,NULL,NULL),(11,'EBI-4544','UNO PRETO','A','P','2017-09-15','2017-09-15 20:34:28','2017-09-15 20:55:09',2.00,NULL,NULL,1,NULL,NULL),(12,'FGK-1556','TUCSON PRATA','A','P','2017-09-18','2017-09-18 18:44:54','2017-09-18 19:58:19',6.00,NULL,NULL,1,NULL,NULL),(13,'ENO-9744','ASTRA PRATA','A','P','2017-09-18','2017-09-18 20:21:48','2017-09-18 21:29:01',6.00,NULL,NULL,1,NULL,NULL),(14,'FVS-8689','FIESTA BRANCO','A','P','2017-09-19','2017-09-19 19:35:42','2017-09-19 20:31:50',3.00,NULL,NULL,1,NULL,NULL),(15,'DXU-3909','POLO PRATA','A','P','2017-09-20','2017-09-20 15:10:37','2017-09-20 16:29:53',6.00,NULL,NULL,1,NULL,NULL),(16,'DZH-8322','PICKUP MITSUBISH PRATA','A','P','2017-09-20','2017-09-20 15:57:39','2017-09-20 18:14:57',9.00,NULL,NULL,1,NULL,NULL),(17,'GIR-1820','HIR PRETO','A','P','2017-09-21','2017-09-21 10:09:34','2017-09-21 10:26:51',2.00,NULL,NULL,1,NULL,NULL),(18,'EDA-4808','GOL PRATA','A','P','2017-09-21','2017-09-21 11:12:17','2017-09-21 13:01:12',6.00,NULL,NULL,1,NULL,NULL),(19,'DCG-3232','SPACE WAGON PRATA','A','P','2017-09-21','2017-09-21 18:01:18','2017-09-21 18:34:20',3.00,NULL,NULL,1,NULL,NULL),(20,'FLH-4875','HONDA CITY','A','P','2017-09-21','2017-09-21 18:01:49','2017-09-21 19:22:51',6.00,NULL,NULL,1,NULL,NULL),(21,'DZH-8322','PICKUP MITSUBISH PRATA','A','P','2017-09-22','2017-09-22 10:57:21','2017-09-22 12:54:38',6.00,NULL,NULL,1,NULL,NULL),(22,'CEH-4515','CORSA CLASSIC PRATA','A','P','2017-09-22','2017-09-22 12:56:22','2017-09-22 13:51:24',3.00,NULL,NULL,1,NULL,NULL),(23,'ETN-6197','CIVIC VERDE','A','P','2017-09-25','2017-09-25 17:16:41','2017-09-25 19:40:12',9.00,NULL,NULL,1,NULL,NULL),(24,'EAC-2278','CIVIC PRATA','A','P','2017-09-26','2017-09-26 14:11:23','2017-09-26 15:30:57',NULL,NULL,NULL,1,NULL,NULL),(25,'FEQ-3880','KIA SPORTAGE BRANCA','A','P','2017-09-26','2017-09-26 17:20:19','2017-09-26 18:06:55',3.00,NULL,NULL,1,NULL,NULL),(26,'DUN-6820','CORSA CLASSIC PRATA','A','P','2017-09-27','2017-09-27 18:15:38','2017-09-27 18:50:04',3.00,NULL,NULL,1,NULL,NULL),(27,'FKI-8366','SPACE CROSS PRETO','A','P','2017-09-28','2017-09-28 11:42:49','2017-09-28 11:53:19',2.00,NULL,NULL,1,NULL,NULL),(28,'DDL-4371','VECTRA PRATA','A','P','2017-09-28','2017-09-28 12:07:04','2017-09-28 12:13:49',2.00,NULL,NULL,1,NULL,NULL),(29,'FTL-5194','CIVIC BRANCO','A','P','2017-09-28','2017-09-28 13:50:16','2017-09-28 13:57:29',2.00,NULL,NULL,1,NULL,NULL),(30,'EDV-8604','FOX PRETO','A','P','2017-09-28','2017-09-28 14:22:53','2017-09-28 14:51:44',2.00,NULL,NULL,1,NULL,NULL),(31,'GEF-7090','COROLLA BRANCO','A','P','2017-09-28','2017-09-28 14:32:51','2017-09-28 19:15:12',15.00,NULL,NULL,1,NULL,NULL),(32,'ETY-4459','COROLLA PRATA','A','P','2017-09-29','2017-09-29 12:32:22','2017-09-29 13:47:48',6.00,NULL,NULL,1,NULL,NULL),(33,'FCG-0780','HILUX','A','P','2017-09-29','2017-09-29 21:20:31','2017-09-29 22:17:21',3.00,NULL,NULL,1,NULL,NULL),(34,'FDS-9370','FORD KA','A','P','2017-10-02','2017-10-02 12:05:59','2017-10-02 12:48:46',3.00,NULL,NULL,1,NULL,NULL),(35,'FIM-4449','HVR PRETO','A','R','2017-10-02','2017-10-02 12:12:35','2017-10-02 12:13:36',NULL,NULL,NULL,1,NULL,NULL),(36,'FIM-4449','HVR PRETO','A','P','2017-10-02','2017-10-02 12:20:36','2017-10-02 12:53:14',3.00,NULL,NULL,1,NULL,NULL),(37,'GJK-5667','S10 PRATA','A','P','2017-10-02','2017-10-02 12:36:32','2017-10-02 13:34:09',3.00,NULL,NULL,1,NULL,NULL),(38,'FEC-1817','AMAROK BRANCA','A','P','2017-10-02','2017-10-02 19:57:18','2017-10-02 21:18:30',6.00,NULL,NULL,1,NULL,NULL),(39,'FDS-9370','FORD KA','A','P','2017-10-02','2017-10-02 20:28:58','2017-10-02 21:49:22',6.00,NULL,NULL,1,NULL,NULL),(40,'FEC-2249','SPACE FOX PRATA','A','P','2017-10-03','2017-10-03 11:05:46','2017-10-03 11:41:08',3.00,NULL,NULL,1,NULL,NULL),(41,'FRM-6640','AUDI PRETO','A','P','2017-10-03','2017-10-03 11:08:54','2017-10-03 11:28:01',2.00,NULL,NULL,1,NULL,NULL),(42,'CWJ-4448','GOL VERDE','A','P','2017-10-03','2017-10-03 11:22:53','2017-10-03 11:46:25',2.00,NULL,NULL,1,NULL,NULL),(43,'EPX-1658','FOCUS PRATA','A','P','2017-10-03','2017-10-03 11:27:49','2017-10-03 11:41:57',2.00,NULL,NULL,1,NULL,NULL),(44,'ETY-2570','CERATO','A','R','2017-10-03','2017-10-03 12:13:13','2017-10-03 12:17:41',NULL,NULL,NULL,1,NULL,NULL),(45,'CZX-6374','ASTRA BRANCO','A','P','2017-10-03','2017-10-03 13:24:15','2017-10-03 14:13:39',3.00,NULL,NULL,1,NULL,NULL),(46,'FUP-5290','CITROEN C3 PRATA','A','P','2017-10-03','2017-10-03 13:36:03','2017-10-03 14:50:36',6.00,NULL,NULL,1,NULL,NULL),(47,'FPI-0065','AMAROK BRANCA','A','P','2017-10-03','2017-10-03 14:06:20','2017-10-03 15:12:57',6.00,NULL,NULL,1,NULL,NULL),(48,'FTA-9919','HONDA CRV BRANCO','A','P','2017-10-03','2017-10-03 16:37:07','2017-10-03 22:11:30',18.00,NULL,NULL,1,NULL,NULL),(49,'FKI-8366','SPACE CROSS PRETO','A','P','2017-10-05','2017-10-05 10:17:16','2017-10-05 11:16:38',3.00,NULL,NULL,1,NULL,NULL),(50,'GBN-0084','TRUCKER BRANCO','A','P','2017-10-05','2017-10-05 11:15:38','2017-10-05 12:06:18',3.00,NULL,NULL,1,NULL,NULL),(51,'GEF-7090','COROLLA BRANCO','A','P','2017-10-05','2017-10-05 12:12:11','2017-10-05 15:28:33',12.00,NULL,NULL,1,NULL,NULL),(52,'FFH-4459','S10 BRANCA','A','P','2017-10-05','2017-10-05 13:59:50','2017-10-05 14:13:55',2.00,NULL,NULL,1,NULL,NULL),(53,'FDK-7768','HONDA CITY CINZA','A','P','2017-10-06','2017-10-06 10:58:05','2017-10-06 13:05:32',9.00,NULL,NULL,1,NULL,NULL),(54,'ETY-2570','CERATO','A','P','2017-10-06','2017-10-06 13:20:36','2017-10-06 14:08:44',3.00,NULL,NULL,1,NULL,NULL),(55,'GJK-5667','S10 PRATA','A','P','2017-10-09','2017-10-09 12:36:03','2017-10-09 13:48:10',6.00,NULL,NULL,1,NULL,NULL),(56,'FIJ-0767','COROLLA PRETO','A','P','2017-10-09','2017-10-09 17:24:04','2017-10-09 18:33:15',6.00,NULL,NULL,1,NULL,NULL),(57,'FIJ-0767','COROLLA PRETO','A','P','2017-10-10','2017-10-10 11:34:47','2017-10-10 12:44:38',6.00,NULL,NULL,1,NULL,NULL),(58,'DWG-9788','TRITON PRATA','A','P','2017-10-10','2017-10-10 12:19:12','2017-10-10 13:37:22',6.00,NULL,NULL,1,NULL,NULL),(59,'ETY-3003','COROLLA PRETO','A','P','2017-10-10','2017-10-10 12:36:17','2017-10-10 14:54:46',9.00,NULL,NULL,1,NULL,NULL),(60,'FTA-9919','HONDA CRV BRANCO','A','P','2017-10-10','2017-10-10 13:09:52','2017-10-10 15:48:47',9.00,NULL,NULL,1,NULL,NULL),(61,'EDV-5198','POLO PRATA','A','P','2017-10-11','2017-10-11 18:08:15','2017-10-11 18:35:13',2.00,NULL,NULL,1,NULL,NULL),(62,'GJK-5667','S10 PRATA','A','P','2017-10-16','2017-10-16 11:45:33','2017-10-16 13:10:19',6.00,NULL,NULL,1,NULL,NULL),(63,'ARD-0318','COROLLA PRATA','A','P','2017-10-16','2017-10-16 12:29:46','2017-10-16 14:41:10',9.00,NULL,NULL,1,NULL,NULL),(64,'ARD-0318','COROLLA PRATA','A','P','2017-10-16','2017-10-16 16:05:32','2017-10-16 17:14:43',6.00,NULL,NULL,1,NULL,NULL),(65,'GKH-4878','VOLVO BRANCO','A','P','2017-10-17','2017-10-17 10:32:11','2017-10-17 13:44:54',12.00,NULL,NULL,1,NULL,NULL),(66,'FYG-9725','AMAROK PRATA','A','P','2017-10-18','2017-10-18 10:13:50','2017-10-18 11:21:13',6.00,NULL,NULL,1,NULL,NULL),(67,'FUW-6089','HILUX PRETA','A','P','2017-10-18','2017-10-18 19:49:27','2017-10-18 20:18:36',2.00,NULL,NULL,1,NULL,NULL),(68,'FKI-8366','SPACE CROSS PRETO','A','P','2017-10-19','2017-10-19 09:56:42','2017-10-19 10:34:06',3.00,NULL,NULL,1,NULL,NULL),(69,'FTA-9919','HONDA CRV BRANCO','A','P','2017-10-19','2017-10-19 13:01:31','2017-10-19 13:31:41',3.00,NULL,NULL,1,NULL,NULL),(70,'FWZ-0016','ONIX PRATA','A','P','2017-10-19','2017-10-19 14:18:13','2017-10-19 15:16:53',3.00,NULL,NULL,1,NULL,NULL),(71,'FKI-8366','SPACE CROSS PRETO','A','P','2017-10-19','2017-10-19 14:51:19','2017-10-19 15:31:02',3.00,NULL,NULL,1,NULL,NULL),(72,'GJK-5667','S10 PRATA','A','P','2017-10-23','2017-10-23 11:37:22','2017-10-23 12:43:50',6.00,NULL,NULL,1,NULL,NULL),(73,'FAT-8794','FORD KA PRATA','A','P','2017-10-23','2017-10-23 17:29:36','2017-10-23 18:33:12',6.00,NULL,NULL,1,NULL,NULL),(74,'DQX-3892','CORSA CLASSIC PRATA','A','P','2017-10-23','2017-10-23 17:49:27','2017-10-23 19:10:49',6.00,NULL,NULL,1,NULL,NULL),(75,'ETY-4197','FIAT UNO CINZA','A','P','2017-10-24','2017-10-24 17:18:01','2017-10-24 18:14:21',3.00,NULL,NULL,1,NULL,NULL),(76,'FEC-1829','COBALT PRETO','A','P','2017-10-24','2017-10-24 17:50:06','2017-10-24 18:21:28',3.00,NULL,NULL,1,NULL,NULL),(77,'EDA-2677','STRADA PRETA','A','P','2017-10-25','2017-10-25 09:25:29','2017-10-25 09:41:49',2.00,NULL,NULL,1,NULL,NULL),(78,'GCO-5626','FOX BRANCO','A','P','2017-10-25','2017-10-25 10:24:46','2017-10-25 15:01:55',15.00,NULL,NULL,1,NULL,NULL),(79,'GFH-3410','IX PRETA','A','P','2017-10-25','2017-10-25 11:27:39','2017-10-25 11:53:09',2.00,NULL,NULL,1,NULL,NULL),(80,'FWZ-0016','ONIX PRATA','A','P','2017-10-25','2017-10-25 11:52:26','2017-10-25 13:39:35',6.00,NULL,NULL,1,NULL,NULL),(81,'GCO-5626','FOX BRANCO','A','P','2017-10-25','2017-10-25 16:32:35','2017-10-25 19:05:19',9.00,NULL,NULL,1,NULL,NULL),(82,'FKI-8366','SPACE CROSS PRETO','A','P','2017-10-26','2017-10-26 09:26:40','2017-10-26 10:40:13',6.00,NULL,NULL,1,NULL,NULL),(83,'GCO-5626','FOX BRANCO','A','P','2017-10-26','2017-10-26 10:33:36','2017-10-26 18:19:42',24.00,NULL,NULL,1,NULL,NULL),(84,'ETY-4724','CORSA CLASSIC','A','P','2017-10-26','2017-10-26 13:30:34','2017-10-26 13:43:09',2.00,NULL,NULL,1,NULL,NULL),(86,'EAR-9633','GOL PRETO','A','P','2017-10-30','2017-10-30 17:04:48','2017-10-30 19:39:24',9.00,NULL,NULL,1,NULL,NULL),(87,'FZH-1639','PRISMA BRANCO','A','P','2017-10-31','2017-10-31 11:52:38','2017-10-31 13:28:08',6.00,NULL,NULL,1,NULL,NULL),(88,'FTA-9919','HONDA CRV BRANCO','A','P','2017-10-31','2017-10-31 18:26:37','2017-10-31 19:50:45',6.00,NULL,NULL,1,NULL,NULL),(89,'FQE-1660','GOLF PRETO','A','P','2017-11-03','2017-11-03 12:41:49','2017-11-03 15:27:20',9.00,NULL,NULL,1,NULL,NULL),(90,'GJK-5667','S10 PRATA','A','P','2017-11-06','2017-11-06 11:31:01','2017-11-06 13:00:26',6.00,NULL,NULL,1,NULL,NULL),(91,'FIJ-0554','HRV CINZA','A','P','2017-11-06','2017-11-06 12:16:17','2017-11-06 13:14:34',3.00,NULL,NULL,1,NULL,NULL),(92,'EDJ-5251','SPORTAGE PRETA','A','P','2017-11-06','2017-11-06 12:36:17','2017-11-06 14:19:46',6.00,NULL,NULL,1,NULL,NULL),(93,'BKC-0798','CAMINHONETE FORD PRATA F1000','A','P','2017-11-06','2017-11-06 18:04:57','2017-11-06 18:51:50',3.00,NULL,NULL,1,NULL,NULL),(94,'DOR-3428','MERCEDES A 190 PRATA','A','P','2017-11-07','2017-11-07 09:34:51','2017-11-07 10:57:27',6.00,NULL,NULL,1,NULL,NULL),(95,'FYB-5520','S10 PRATA','A','P','2017-11-07','2017-11-07 10:06:17','2017-11-07 11:34:00',6.00,NULL,NULL,1,NULL,NULL),(96,'DBU-5523','SAVEIRO DOURADA','A','P','2017-11-08','2017-11-08 15:18:29','2017-11-08 16:15:13',3.00,NULL,NULL,1,NULL,NULL),(97,'FKQ-0095','FOX PRETO','A','P','2017-11-08','2017-11-08 16:01:39','2017-11-08 16:30:02',2.00,NULL,NULL,1,NULL,NULL),(99,'FKI-8366','SPACE CROSS PRETO','A','P','2017-11-09','2017-11-09 09:42:50','2017-11-09 10:22:13',3.00,NULL,NULL,1,NULL,NULL),(100,'DOR-3428','MERCEDES A 190 PRATA','A','P','2017-11-09','2017-11-09 09:57:17','2017-11-09 10:27:03',2.00,NULL,NULL,1,NULL,NULL),(101,'MSS-4499','KIA CINZA','A','P','2017-11-09','2017-11-09 10:21:55','2017-11-09 10:51:28',2.00,NULL,NULL,1,NULL,NULL),(102,'ETY-1196','FOX PRATA','A','P','2017-11-09','2017-11-09 10:33:29','2017-11-09 11:29:41',3.00,NULL,NULL,1,NULL,NULL),(103,'DBU-5247','COROLLA PRETO','A','P','2017-11-09','2017-11-09 10:47:20','2017-11-09 13:17:48',9.00,NULL,NULL,1,NULL,NULL),(104,'FKI-8366','SPACE CROSS PRETO','A','R','2017-11-09','2017-11-09 13:28:27','2017-11-09 13:28:39',NULL,NULL,NULL,1,NULL,NULL),(105,'CZX-6374','ASTRA BRANCO','A','P','2017-11-09','2017-11-09 13:38:49','2017-11-09 13:59:55',2.00,NULL,NULL,1,NULL,NULL),(106,'BXL-5119','PALIO BRANCO','A','P','2017-11-09','2017-11-09 15:19:03','2017-11-09 21:13:42',18.00,NULL,NULL,1,NULL,NULL),(107,'ENP-7459','CORSA CLASSIC PRETO','A','P','2017-11-09','2017-11-09 17:30:03','2017-11-09 21:06:22',12.00,NULL,NULL,1,NULL,NULL),(108,'ETY-1518','FOX BRANCO','A','P','2017-11-09','2017-11-09 18:22:28','2017-11-09 18:30:10',2.00,NULL,NULL,1,NULL,NULL),(109,'DKA-7357','MERIVA PRATA','A','P','2017-11-10','2017-11-10 10:49:59','2017-11-10 11:58:42',6.00,NULL,NULL,1,NULL,NULL),(110,'BKE-9579','GOL PRATA','A','P','2017-11-10','2017-11-10 13:10:26','2017-11-10 13:30:26',2.00,NULL,NULL,1,NULL,NULL),(111,'GDF-2570','PICK UP MITHISUBICH','A','P','2017-11-10','2017-11-10 17:51:13','2017-11-10 18:20:54',2.00,NULL,NULL,1,NULL,NULL),(112,'BHT-0077','COROLLA PRATA','A','P','2017-11-13','2017-11-13 11:26:09','2017-11-13 12:22:46',3.00,NULL,NULL,1,NULL,NULL),(113,'GJA-7520','PRISMA PRATA','A','P','2017-11-13','2017-11-13 11:29:09','2017-11-13 13:08:06',6.00,NULL,NULL,1,NULL,NULL),(114,'XBJ-1700','SUZUKI PRETO','A','P','2017-11-13','2017-11-13 16:01:31','2017-11-13 16:32:12',3.00,NULL,NULL,1,NULL,NULL),(115,'ETN-6197','CIVIC VERDE','A','P','2017-11-14','2017-11-14 10:49:08','2017-11-14 12:41:42',6.00,NULL,NULL,1,NULL,NULL),(116,'DNV-9394','TUWISTER PRETA','A','P','2017-11-14','2017-11-14 17:38:18','2017-11-14 19:07:36',4.00,NULL,NULL,2,NULL,NULL),(117,'EAH-0145','PRISMA PRATA','A','P','2017-11-14','2017-11-14 17:40:31','2017-11-14 19:08:43',6.00,NULL,NULL,1,NULL,NULL),(118,'FKI-8366','SPACE CROSS PRETO','A','P','2017-11-16','2017-11-16 09:31:02','2017-11-16 10:29:05',3.00,NULL,NULL,1,NULL,NULL),(119,'GJK-5667','S10 PRATA','A','P','2017-11-16','2017-11-16 10:08:42','2017-11-16 11:04:14',3.00,NULL,NULL,1,NULL,NULL),(120,'CLO-4829','PALIO PRATA','A','P','2017-11-16','2017-11-16 11:08:03','2017-11-16 12:16:15',6.00,NULL,NULL,1,NULL,NULL),(121,'CJH-4550','GOL PRATA','A','P','2017-11-16','2017-11-16 11:20:49','2017-11-16 12:29:42',6.00,NULL,NULL,1,NULL,NULL),(122,'FPM-1099','HB20 PRATA','A','P','2017-11-16','2017-11-16 11:42:15','2017-11-16 13:02:39',6.00,NULL,NULL,1,NULL,NULL),(123,'MSS-4999','MOHAVE KIA CINZA','A','P','2017-11-16','2017-11-16 13:56:44','2017-11-16 14:46:50',3.00,NULL,NULL,1,NULL,NULL),(124,'FTA-9919','HONDA CRV BRANCO','A','P','2017-11-16','2017-11-16 16:52:28','2017-11-16 19:14:34',9.00,NULL,NULL,1,NULL,NULL),(125,'FJW-7526','CORSA PRATA','A','P','2017-11-16','2017-11-16 16:58:49','2017-11-16 18:22:39',6.00,NULL,NULL,1,NULL,NULL),(126,'CJH-4550','GOL PRATA','A','P','2017-11-16','2017-11-16 17:20:10','2017-11-16 21:45:44',15.00,NULL,NULL,1,NULL,NULL),(127,'DDF-2144','PEGEAUT VERDE','A','P','2017-11-16','2017-11-16 18:12:52','2017-11-16 18:30:59',2.00,NULL,NULL,1,NULL,NULL),(128,'FNJ-3920','ONIX BRANCO','A','P','2017-11-16','2017-11-16 18:44:43','2017-11-16 18:51:18',2.00,NULL,NULL,1,NULL,NULL),(129,'FGN-4001','FORD EDGE BRANCO','A','P','2017-11-16','2017-11-16 19:08:18','2017-11-16 21:24:04',9.00,NULL,NULL,1,NULL,NULL),(130,'OOX-5168','UNO BRANCO','A','P','2017-11-17','2017-11-17 10:20:33','2017-11-17 11:47:46',6.00,NULL,NULL,1,NULL,NULL),(131,'CJH-4550','GOL PRATA','A','P','2017-11-17','2017-11-17 17:49:38','2017-11-17 18:56:37',6.00,NULL,NULL,1,NULL,NULL),(132,'BKD-4315','VERSALLES AZUL','A','P','2017-11-20','2017-11-20 10:23:43','2017-11-20 10:34:00',2.00,NULL,NULL,1,NULL,NULL),(133,'FMP-7079','CRUZE PRATA','A','P','2017-11-20','2017-11-20 16:02:13','2017-11-20 17:50:20',6.00,NULL,NULL,1,NULL,NULL),(134,'FSX-4555','FOX CINZA','A','P','2017-11-20','2017-11-20 16:31:08','2017-11-20 17:20:04',3.00,NULL,NULL,1,NULL,NULL),(135,'FWH-5509','ECOSPORT BRANCA','A','P','2017-11-20','2017-11-20 18:45:40','2017-11-20 21:13:07',9.00,NULL,NULL,1,NULL,NULL),(136,'CWJ-4448','GOL VERDE','A','P','2017-11-21','2017-11-21 11:03:58','2017-11-21 12:02:36',3.00,NULL,NULL,1,NULL,NULL),(137,'EDA-6484','PAGERO PRATA','A','P','2017-11-21','2017-11-21 16:20:13','2017-11-21 16:42:11',2.00,NULL,NULL,1,NULL,NULL),(138,'GDH-8388','ONIX BRANCO','A','P','2017-11-21','2017-11-21 17:48:46','2017-11-21 20:49:02',9.00,NULL,NULL,1,NULL,NULL),(139,'FEC-1869','COBALT CINZA','A','P','2017-11-21','2017-11-21 19:52:08','2017-11-21 21:02:00',6.00,NULL,NULL,1,NULL,NULL),(140,'GFU-7675','HILUX PRETA','A','P','2017-11-22','2017-11-22 09:44:51','2017-11-22 10:06:55',2.00,NULL,NULL,1,NULL,NULL),(141,'FZR-3959','HRV PRETA','A','P','2017-11-22','2017-11-22 10:45:27','2017-11-22 11:56:41',6.00,NULL,NULL,1,NULL,NULL),(142,'CDX-3030','SW4 TOYOTA','A','P','2017-11-22','2017-11-22 10:56:24','2017-11-22 11:10:53',2.00,NULL,NULL,1,NULL,NULL),(143,'FRW-0913','COROLLA PRATA','A','P','2017-11-22','2017-11-22 10:57:31','2017-11-22 13:28:15',9.00,NULL,NULL,1,NULL,NULL),(144,'EDA-4154','VECTRA PRETO','A','P','2017-11-22','2017-11-22 12:35:40','2017-11-22 12:47:38',2.00,NULL,NULL,1,NULL,NULL),(145,'FDF-2373','RENAULT SYMBOL PRATA','A','P','2017-11-22','2017-11-22 15:30:04','2017-11-22 16:30:02',3.00,NULL,NULL,1,NULL,NULL),(146,'FKI-8366','SPACE CROSS PRETO','A','P','2017-11-23','2017-11-23 09:21:21','2017-11-23 10:07:53',3.00,NULL,NULL,1,NULL,NULL),(147,'GGM-8370','CIVYC PRATA','A','P','2017-11-23','2017-11-23 10:32:44','2017-11-23 11:26:17',3.00,NULL,NULL,1,NULL,NULL),(148,'FKI-8823','FIESTA PRATA','A','P','2017-11-23','2017-11-23 11:15:12','2017-11-23 12:19:01',6.00,NULL,NULL,1,NULL,NULL),(149,'FLH-5130','FIESTA PRETO','A','P','2017-11-23','2017-11-23 11:19:45','2017-11-23 13:08:04',6.00,NULL,NULL,1,NULL,NULL),(150,'EEX-0019','VOLVO BRANCO','A','P','2017-11-23','2017-11-23 11:22:57','2017-11-23 12:50:58',6.00,NULL,NULL,1,NULL,NULL),(151,'FGO-8913','AGILE PRETO','A','P','2017-11-23','2017-11-23 11:25:59','2017-11-23 13:55:29',9.00,NULL,NULL,1,NULL,NULL),(152,'GGU-6629','PRISMA BRANCO','A','R','2017-11-24','2017-11-24 09:36:15','2017-11-24 09:37:37',NULL,NULL,NULL,1,NULL,NULL),(153,'FJE-0656','COROLLA PRETO','A','P','2017-11-24','2017-11-24 10:25:44','2017-11-24 11:44:00',6.00,NULL,NULL,1,NULL,NULL),(154,'BMS-0627','GOL BRANCO','A','P','2017-11-24','2017-11-24 12:22:54','2017-11-24 12:57:29',3.00,NULL,NULL,1,NULL,NULL),(155,'FGG-4190','GOL PRATA','A','P','2017-11-24','2017-11-24 15:59:15','2017-11-24 16:22:50',2.00,NULL,NULL,1,NULL,NULL),(156,'DUK-8923','POLO PRETO','A','P','2017-11-27','2017-11-27 10:56:49','2017-11-27 12:14:59',6.00,NULL,NULL,1,NULL,NULL),(157,'DBN-8735','ASTRA PRETO','A','P','2017-11-27','2017-11-27 11:16:54','2017-11-27 12:33:15',6.00,NULL,NULL,1,NULL,NULL),(158,'GJK-5667','S10 PRATA','A','P','2017-11-27','2017-11-27 11:31:21','2017-11-27 12:28:26',3.00,NULL,NULL,1,NULL,NULL),(159,'EWN-7948','SPACEFOX PRETO','A','P','2017-11-27','2017-11-27 13:22:21','2017-11-27 14:05:49',3.00,NULL,NULL,1,NULL,NULL),(160,'ETY-1634','CRUZE BRANCO','A','P','2017-11-27','2017-11-27 15:54:42','2017-11-27 17:16:01',6.00,NULL,NULL,1,NULL,NULL),(161,'CZI-4043','GOL PRETO','A','P','2017-11-27','2017-11-27 17:06:55','2017-11-27 17:29:57',2.00,NULL,NULL,1,NULL,NULL),(163,'DTR-5939','ECOSPORT PRETO','A','P','2017-11-28','2017-11-28 11:07:56','2017-11-28 15:14:35',15.00,NULL,NULL,1,NULL,NULL),(164,'FGR-9488','COBALT PRATA','A','P','2017-11-28','2017-11-28 11:25:59','2017-11-28 12:16:54',3.00,NULL,NULL,1,NULL,NULL),(165,'FLC-4496','COROLLA PRATA','A','P','2017-11-29','2017-11-29 11:11:13','2017-11-29 12:09:01',3.00,NULL,NULL,1,NULL,NULL),(166,'DSN-5119','COROLLA CINZA','A','R','2017-11-29','2017-11-29 12:07:07','2017-11-29 12:11:08',NULL,NULL,NULL,1,NULL,NULL),(167,'DSN-5119','COROLLA CINZA','A','P','2017-11-29','2017-11-29 16:53:20','2017-11-29 17:56:25',6.00,NULL,NULL,1,NULL,NULL),(168,'FKI-8366','SPACE CROSS PRETO','A','P','2017-11-30','2017-11-30 09:44:40','2017-11-30 10:26:00',3.00,NULL,NULL,1,NULL,NULL),(169,'FNZ-0669','ELANTRA PRETO','A','P','2017-11-30','2017-11-30 11:25:02','2017-11-30 14:03:24',9.00,NULL,NULL,1,NULL,NULL),(170,'FMK-2827','CRUZE PRETO','A','P','2017-12-01','2017-12-01 09:54:03','2017-12-01 10:32:56',3.00,NULL,NULL,1,NULL,NULL),(171,'FDK-1919','S10 PRATA','A','P','2017-12-01','2017-12-01 10:32:42','2017-12-01 10:45:43',2.00,NULL,NULL,1,NULL,NULL),(172,'GJK-5667','S10 PRATA','A','P','2017-12-01','2017-12-01 12:18:28','2017-12-01 14:46:11',9.00,NULL,NULL,1,NULL,NULL),(173,'FBN-0710','COBALT CINZA','A','P','2017-12-01','2017-12-01 12:51:23','2017-12-01 13:21:37',3.00,NULL,NULL,1,NULL,NULL),(174,'FRB-0198','TOYOTA ETIOS PRATA','A','P','2017-12-01','2017-12-01 16:19:19','2017-12-01 17:44:22',6.00,NULL,NULL,1,NULL,NULL),(175,'FTA-9919','HONDA CRV BRANCO','A','P','2017-12-04','2017-12-04 09:07:16','2017-12-04 13:39:51',15.00,NULL,NULL,1,NULL,NULL),(176,'GFU-7675','HILUX PRETA','A','P','2017-12-04','2017-12-04 09:38:42','2017-12-04 10:27:34',3.00,NULL,NULL,1,NULL,NULL),(177,'GJK-5667','S10 PRATA','A','P','2017-12-04','2017-12-04 11:37:50','2017-12-04 12:33:55',3.00,NULL,NULL,1,NULL,NULL),(178,'BJM-5961','VERANEIO PRATA','A','P','2017-12-04','2017-12-04 18:57:08','2017-12-04 19:12:34',2.00,NULL,NULL,1,NULL,NULL),(179,'ENP-6690','AGILE PRETO','A','P','2017-12-05','2017-12-05 16:45:31','2017-12-05 19:11:31',9.00,NULL,NULL,1,NULL,NULL),(180,'FIG-3484','FOX PRETO','A','P','2017-12-05','2017-12-05 18:11:54','2017-12-05 18:24:16',2.00,NULL,NULL,1,NULL,NULL),(181,'GAP-6090','HB20 BRANCO','M','P','2017-12-06','2017-12-06 09:03:44','2017-12-06 09:04:00',NULL,NULL,NULL,1,NULL,NULL),(182,'OMB-8099','COROLLA CINZA','M','P','2017-12-06','2017-12-06 09:09:36','2017-12-06 09:09:38',NULL,NULL,NULL,1,NULL,NULL),(183,'DVP-7679','TITAN 150 PRETA','M','P','2017-12-06','2017-12-06 09:18:29','2017-12-06 09:18:41',NULL,NULL,NULL,2,NULL,NULL),(184,'GGU-6629','PRISMA BRANCO','M','P','2017-12-06','2017-12-06 09:36:51','2017-12-06 09:36:53',NULL,NULL,NULL,1,NULL,NULL),(185,'FJE-0771','FOX PRATA','A','P','2017-12-06','2017-12-06 13:42:32','2017-12-06 14:05:29',2.00,NULL,NULL,1,NULL,NULL),(186,'FJW-8563','LANCER MITSUBISCH','M','P','2017-12-06','2017-12-06 14:34:30','2017-12-06 14:34:35',NULL,NULL,NULL,1,NULL,NULL),(187,'FEA-8656','HONDA CRV PRETA','M','P','2017-12-06','2017-12-06 14:35:38','2017-12-06 14:35:46',NULL,NULL,NULL,1,NULL,NULL),(188,'GIO-2887','FIAT ARGO CINZA','A','P','2017-12-06','2017-12-06 16:21:29','2017-12-06 16:54:29',3.00,NULL,NULL,1,NULL,NULL),(189,'EDA-2710','UNO VERMELHO','A','P','2017-12-06','2017-12-06 16:22:17','2017-12-06 17:37:34',6.00,NULL,NULL,1,NULL,NULL),(190,'CEH-2379','FIESTA VINHO','A','P','2017-12-06','2017-12-06 16:25:48','2017-12-06 19:29:42',12.00,NULL,NULL,1,NULL,NULL),(191,'CXC-9692','VITARA PRATA','A','P','2017-12-06','2017-12-06 16:36:48','2017-12-06 17:13:33',3.00,NULL,NULL,1,NULL,NULL),(192,'BJM-5961','VERANEIO PRATA','A','P','2017-12-06','2017-12-06 18:55:06','2017-12-06 20:07:58',6.00,NULL,NULL,1,NULL,NULL),(193,'EVJ-1066','SIENA PRETO','M','P','2017-12-07','2017-12-07 09:02:49','2017-12-07 09:02:50',NULL,NULL,NULL,1,NULL,NULL),(194,'GAP-6090','HB20 BRANCO','M','P','2017-12-07','2017-12-07 09:04:23','2017-12-07 09:04:24',NULL,NULL,NULL,1,NULL,NULL),(195,'GGU-6629','PRISMA BRANCO','M','P','2017-12-07','2017-12-07 09:11:36','2017-12-07 09:11:38',NULL,NULL,NULL,1,NULL,NULL),(196,'OMB-8099','COROLLA CINZA','M','P','2017-12-07','2017-12-07 09:12:21','2017-12-07 09:12:22',NULL,NULL,NULL,1,NULL,NULL),(197,'FKI-8366','SPACE CROSS PRETO','A','P','2017-12-07','2017-12-07 09:20:42','2017-12-07 10:14:44',3.00,NULL,NULL,1,NULL,NULL),(198,'DVP-7679','TITAN 150 PRETA','M','P','2017-12-07','2017-12-07 09:25:38','2017-12-07 09:25:40',NULL,NULL,NULL,2,NULL,NULL),(199,'CWJ-3100','CORSA VERDE','A','P','2017-12-07','2017-12-07 12:40:30','2017-12-07 12:57:53',2.00,NULL,NULL,1,NULL,NULL),(200,'MVN-7023','CORSA VERDE','A','P','2017-12-07','2017-12-07 14:17:34','2017-12-07 16:30:42',9.00,NULL,NULL,1,NULL,NULL),(201,'FJW-8563','LANCER MITSUBISCH','M','P','2017-12-07','2017-12-07 14:33:43','2017-12-07 14:33:46',NULL,NULL,NULL,1,NULL,NULL),(202,'FSG-9109','COROLLA','A','P','2017-12-07','2017-12-07 15:17:34','2017-12-07 15:29:44',2.00,NULL,NULL,1,NULL,NULL),(203,'AYU-8280','SANDERO ','A','P','2017-12-07','2017-12-07 16:27:52','2017-12-07 19:05:28',9.00,NULL,NULL,1,NULL,NULL),(204,'FJE-0771','FOX PRATA','A','P','2017-12-07','2017-12-07 16:40:08','2017-12-07 18:12:12',6.00,NULL,NULL,1,NULL,NULL),(205,'EDM-5343','CRUZE PRETO','A','P','2017-12-07','2017-12-07 17:30:26','2017-12-07 18:47:38',6.00,NULL,NULL,1,NULL,NULL),(206,'HBJ-4637','CELTA AZUL','M','P','2017-12-08','2017-12-08 09:34:56','2017-12-08 09:34:59',NULL,NULL,NULL,1,NULL,NULL),(207,'GGU-6629','PRISMA BRANCO','M','P','2017-12-08','2017-12-08 09:47:12','2017-12-08 09:47:14',NULL,NULL,NULL,1,NULL,NULL),(208,'BEZ-0885','PRISMA PRATA','A','P','2017-12-08','2017-12-08 11:33:00','2017-12-08 11:47:52',2.00,NULL,NULL,1,NULL,NULL),(209,'FMF-8408','ETIOS BRANCO','A','P','2017-12-08','2017-12-08 11:36:04','2017-12-08 12:24:50',3.00,NULL,NULL,1,NULL,NULL),(210,'FTH-4851','SANTAFÉ','A','P','2017-12-08','2017-12-08 11:37:16','2017-12-08 11:44:55',2.00,NULL,NULL,1,NULL,NULL),(211,'OMB-8099','COROLLA CINZA','M','P','2017-12-08','2017-12-08 15:23:55','2017-12-08 15:23:56',NULL,NULL,NULL,1,NULL,NULL),(212,'GAP-6090','HB20 BRANCO','M','P','2017-12-08','2017-12-08 15:35:29','2017-12-08 15:35:31',NULL,NULL,NULL,1,NULL,NULL),(213,'DVP-7679','TITAN 150 PRETA','M','P','2017-12-09','2017-12-09 09:18:20','2017-12-09 09:18:21',NULL,NULL,NULL,2,NULL,NULL),(214,'GAP-6090','HB20 BRANCO','M','P','2017-12-11','2017-12-11 09:02:31','2017-12-11 09:02:33',NULL,NULL,NULL,1,NULL,NULL),(215,'OMB-8099','COROLLA CINZA','M','P','2017-12-11','2017-12-11 09:05:36','2017-12-11 09:05:38',NULL,NULL,NULL,1,NULL,NULL),(216,'EIJ-9827','PALIO FIRE PRATA','A','P','2017-12-11','2017-12-11 09:18:36','2017-12-11 12:35:24',12.00,NULL,NULL,1,NULL,NULL),(217,'EVJ-1066','SIENA PRETO','M','P','2017-12-11','2017-12-11 09:22:23','2017-12-11 09:22:29',NULL,NULL,NULL,1,NULL,NULL),(218,'DVP-7679','TITAN 150 PRETA','M','P','2017-12-11','2017-12-11 09:28:20','2017-12-11 09:28:22',NULL,NULL,NULL,2,NULL,NULL),(219,'DCB-0014','S10 PRATA','A','P','2017-12-11','2017-12-11 09:58:34','2017-12-11 14:13:07',15.00,NULL,NULL,1,NULL,NULL),(220,'BUX-3303','SANTANA CINZA','A','P','2017-12-11','2017-12-11 10:47:05','2017-12-11 14:21:37',12.00,NULL,NULL,1,NULL,NULL),(221,'FRC-1796','JETTA CINZA','A','P','2017-12-11','2017-12-11 15:43:40','2017-12-11 17:22:08',6.00,NULL,NULL,1,NULL,NULL),(222,'PXJ-5874','HB20 PRATA','A','P','2017-12-11','2017-12-11 17:32:04','2017-12-11 17:57:34',2.00,NULL,NULL,1,NULL,NULL),(223,NULL,NULL,NULL,'C',NULL,'0000-00-00 00:00:00','0000-00-00 00:00:00',NULL,NULL,NULL,NULL,NULL,NULL),(224,'FGK-2047','PALIO IKEND','A','R','2017-12-12','2017-12-12 09:03:58','2017-12-12 09:04:07',NULL,NULL,NULL,1,NULL,NULL),(225,'EVJ-1066','SIENA PRETO','M','P','2017-12-12','2017-12-12 09:06:52','2017-12-12 09:06:54',NULL,NULL,NULL,1,NULL,NULL),(226,'GAP-6090','HB20 BRANCO','M','P','2017-12-12','2017-12-12 09:07:04','2017-12-12 09:07:07',NULL,NULL,NULL,1,NULL,NULL),(227,'OMB-8099','COROLLA CINZA','M','P','2017-12-12','2017-12-12 09:08:57','2017-12-12 09:08:59',NULL,NULL,NULL,1,NULL,NULL),(228,'DVP-7679','TITAN 150 PRETA','M','P','2017-12-12','2017-12-12 09:32:02','2017-12-12 09:32:05',NULL,NULL,NULL,2,NULL,NULL),(229,'FGK-2047','PALIO ADVENTURE','M','P','2017-12-12','2017-12-12 11:28:34','2017-12-12 11:28:37',NULL,NULL,NULL,1,NULL,NULL),(230,'HCU-7891','COROLLA PRETO','A','P','2017-12-12','2017-12-12 11:37:03','2017-12-12 13:50:09',9.00,NULL,NULL,1,NULL,NULL),(231,'CZX-6374','ASTRA BRANCO','A','P','2017-12-12','2017-12-12 12:24:27','2017-12-12 13:06:21',3.00,NULL,NULL,1,NULL,NULL),(232,'DKB-5852','GOL CINZA','A','P','2017-12-12','2017-12-12 12:54:06','2017-12-12 14:12:55',6.00,NULL,NULL,1,NULL,NULL),(233,'FJW-8563','LANCER MITSUBISCH','M','P','2017-12-12','2017-12-12 14:29:34','2017-12-12 14:29:37',NULL,NULL,NULL,1,NULL,NULL),(234,'EYZ-6055','TUCSON PRETA','A','P','2017-12-12','2017-12-12 16:09:26','2017-12-12 18:34:34',9.00,NULL,NULL,1,NULL,NULL),(235,'ERY-6140','MONTANA PRATA','A','P','2017-12-12','2017-12-12 16:41:52','2017-12-12 20:51:08',15.00,NULL,NULL,1,NULL,NULL),(236,'FGK-2047','PALIO ADVENTURE','M','P','2017-12-13','2017-12-13 09:04:27','2017-12-13 09:04:33',NULL,NULL,NULL,1,NULL,NULL),(237,'GGU-6629','PRISMA BRANCO','M','P','2017-12-13','2017-12-13 09:07:35','2017-12-13 09:07:39',NULL,NULL,NULL,1,NULL,NULL),(238,'DVP-7679','TITAN 150 PRETA','M','P','2017-12-13','2017-12-13 09:11:13','2017-12-13 09:11:15',NULL,NULL,NULL,2,NULL,NULL),(239,'GEQ-4303','SW4 BRANCA TOYOTA','A','P','2017-12-13','2017-12-13 10:03:45','2017-12-13 13:51:43',12.00,NULL,NULL,1,NULL,NULL),(240,'EVJ-1066','SIENA PRETO','M','P','2017-12-14','2017-12-14 08:58:32','2017-12-14 08:58:33',NULL,NULL,NULL,1,NULL,NULL),(241,'GGU-6629','PRISMA BRANCO','M','P','2017-12-14','2017-12-14 09:15:57','2017-12-14 09:15:59',NULL,NULL,NULL,1,NULL,NULL),(242,'DVP-7679','TITAN 150 PRETA','M','P','2017-12-14','2017-12-14 09:21:20','2017-12-14 09:21:21',NULL,NULL,NULL,2,NULL,NULL),(243,'FKI-8366','SPACE CROSS PRETO','A','P','2017-12-14','2017-12-14 09:35:33','2017-12-14 10:22:29',3.00,NULL,NULL,1,NULL,NULL),(244,'FSP-0274','ONIX PRETO','A','P','2017-12-14','2017-12-14 10:40:56','2017-12-14 11:23:09',3.00,NULL,NULL,1,NULL,NULL),(245,'GJZ-7190','ONIX PRATA','A','P','2017-12-14','2017-12-14 10:49:39','2017-12-14 11:01:17',2.00,NULL,NULL,1,NULL,NULL),(246,'GGQ-9298','ONIX PRETO','A','P','2017-12-14','2017-12-14 15:44:50','2017-12-14 16:24:44',3.00,NULL,NULL,1,NULL,NULL),(247,'FGK-2047','PALIO ADVENTURE','M','P','2017-12-14','2017-12-14 16:09:36','2017-12-14 16:09:40',NULL,NULL,NULL,1,NULL,NULL),(248,'BUX-3303','SANTANA CINZA','A','P','2017-12-14','2017-12-14 16:24:21','2017-12-14 18:05:59',6.00,NULL,NULL,1,NULL,NULL),(249,'FZP-0580','ONIX PRETO','A','P','2017-12-14','2017-12-14 18:04:11','2017-12-14 19:51:12',6.00,NULL,NULL,1,NULL,NULL),(250,'FGG-3955','SPIN CINZA','A','P','2017-12-14','2017-12-14 18:13:47','2017-12-14 18:43:49',3.00,NULL,NULL,1,NULL,NULL),(251,'GAP-6090','HB20 BRANCO','M','P','2017-12-15','2017-12-15 09:09:32','2017-12-15 09:09:35',NULL,NULL,NULL,1,NULL,NULL),(252,'GGU-6629','PRISMA BRANCO','M','P','2017-12-15','2017-12-15 09:19:08','2017-12-15 09:19:09',NULL,NULL,NULL,1,NULL,NULL),(253,'DVP-7679','TITAN 150 PRETA','M','P','2017-12-15','2017-12-15 09:22:25','2017-12-15 09:22:26',NULL,NULL,NULL,2,NULL,NULL),(254,'FOJ-4846','CITY CHUMBO','A','P','2017-12-15','2017-12-15 11:40:59','2017-12-15 14:04:47',9.00,NULL,NULL,1,NULL,NULL),(255,'FGK-2047','PALIO ADVENTURE','M','P','2017-12-15','2017-12-15 11:58:16','2017-12-15 11:58:17',NULL,NULL,NULL,1,NULL,NULL),(256,'FOJ-5440','HB20 PRETO','A','P','2017-12-15','2017-12-15 15:59:09','2017-12-15 16:38:07',3.00,NULL,NULL,1,NULL,NULL),(257,'DVP-7679','TITAN 150 PRETA','M','P','2017-12-16','2017-12-16 09:15:02','2017-12-16 09:15:03',NULL,NULL,NULL,2,NULL,NULL),(258,'FGK-2047','PALIO ADVENTURE','M','P','2017-12-18','2017-12-18 09:03:03','2017-12-18 09:03:04',NULL,NULL,NULL,1,NULL,NULL),(259,'GAP-6090','HB20 BRANCO','M','P','2017-12-18','2017-12-18 09:04:21','2017-12-18 09:04:22',NULL,NULL,NULL,1,NULL,NULL),(260,'GGU-6629','PRISMA BRANCO','M','P','2017-12-18','2017-12-18 09:11:21','2017-12-18 09:11:24',NULL,NULL,NULL,1,NULL,NULL),(261,'DVP-7679','TITAN 150 PRETA','M','P','2017-12-18','2017-12-18 09:14:40','2017-12-18 09:14:41',NULL,NULL,NULL,2,NULL,NULL),(262,'GFU-2930','SANDERO CHUMBO','A','P','2017-12-18','2017-12-18 10:50:27','2017-12-18 11:40:44',3.00,NULL,NULL,1,NULL,NULL),(263,'GJK-5667','S10 PRATA','A','P','2017-12-18','2017-12-18 11:06:17','2017-12-18 11:46:51',3.00,NULL,NULL,1,NULL,NULL),(264,'FAO-6309','ONIX BRANCO','A','P','2017-12-18','2017-12-18 11:26:25','2017-12-18 13:33:45',9.00,NULL,NULL,1,NULL,NULL),(265,'GEQ-4303','SW4 BRANCA TOYOTA','A','P','2017-12-18','2017-12-18 12:04:22','2017-12-18 13:05:39',6.00,NULL,NULL,1,NULL,NULL),(266,'CJG-1103','FIESTA LARANJA','A','P','2017-12-18','2017-12-18 15:51:48','2017-12-18 17:49:40',6.00,NULL,NULL,1,NULL,NULL),(267,'EAP-7886','ASTRA PRETO','A','P','2017-12-18','2017-12-18 16:10:48','2017-12-18 18:08:22',6.00,NULL,NULL,1,NULL,NULL),(268,'FGK-2047','PALIO ADVENTURE','M','P','2017-12-19','2017-12-19 09:00:40','2017-12-19 09:00:56',NULL,NULL,NULL,1,NULL,NULL),(269,'GAP-6090','HB20 BRANCO','M','P','2017-12-19','2017-12-19 09:00:54','2017-12-19 09:00:57',NULL,NULL,NULL,1,NULL,NULL),(270,'GGU-6629','PRISMA BRANCO','M','P','2017-12-19','2017-12-19 09:02:43','2017-12-19 09:02:44',NULL,NULL,NULL,1,NULL,NULL),(271,'EVJ-1066','SIENA PRETO','M','P','2017-12-19','2017-12-19 09:09:46','2017-12-19 09:09:47',NULL,NULL,NULL,1,NULL,NULL),(272,'DVP-7679','TITAN 150 PRETA','M','P','2017-12-19','2017-12-19 09:14:43','2017-12-19 09:14:44',NULL,NULL,NULL,2,NULL,NULL),(273,'FGK-1193','GOL PRATA ','A','P','2017-12-19','2017-12-19 13:50:16','2017-12-19 15:25:40',6.00,NULL,NULL,1,NULL,NULL),(274,'FRK-6450','SPACEFOX PRETO','A','P','2017-12-19','2017-12-19 17:29:15','2017-12-19 18:57:19',6.00,NULL,NULL,1,NULL,NULL),(275,'PZO-3298','KA BRANCO','A','P','2017-12-19','2017-12-19 18:55:11','2017-12-19 20:14:22',6.00,NULL,NULL,1,NULL,NULL),(276,'FGK-2047','PALIO ADVENTURE','M','P','2017-12-20','2017-12-20 09:03:32','2017-12-20 09:03:33',NULL,NULL,NULL,1,NULL,NULL),(277,'GAP-6090','HB20 BRANCO','M','P','2017-12-20','2017-12-20 09:05:03','2017-12-20 09:05:05',NULL,NULL,NULL,1,NULL,NULL),(278,'GGU-6629','PRISMA BRANCO','M','P','2017-12-20','2017-12-20 09:19:24','2017-12-20 09:19:26',NULL,NULL,NULL,1,NULL,NULL),(279,'DVP-7679','TITAN 150 PRETA','M','P','2017-12-20','2017-12-20 09:25:48','2017-12-20 09:25:49',NULL,NULL,NULL,2,NULL,NULL),(280,'FJW-8563','LANCER MITSUBISCH','M','P','2017-12-20','2017-12-20 09:43:45','2017-12-20 09:43:48',NULL,NULL,NULL,1,NULL,NULL),(281,'FGR-9488','COBALT PRATA','A','P','2017-12-20','2017-12-20 10:34:47','2017-12-20 11:03:14',2.00,NULL,NULL,1,NULL,NULL),(282,'BKF-3956','FIAT UNO VERDE','A','P','2017-12-20','2017-12-20 11:15:37','2017-12-20 12:07:59',3.00,NULL,NULL,1,NULL,NULL),(283,'EDA-2710','UNO VERMELHO','A','P','2017-12-20','2017-12-20 17:06:56','2017-12-20 18:40:13',6.00,NULL,NULL,1,NULL,NULL),(284,'EVJ-1066','SIENA PRETO','M','P','2017-12-21','2017-12-21 09:03:01','2017-12-21 09:03:02',NULL,NULL,NULL,1,NULL,NULL),(285,'FGK-2047','PALIO ADVENTURE','M','P','2017-12-21','2017-12-21 09:03:18','2017-12-21 09:03:20',NULL,NULL,NULL,1,NULL,NULL),(286,'GAP-6090','HB20 BRANCO','M','P','2017-12-21','2017-12-21 09:07:20','2017-12-21 09:07:22',NULL,NULL,NULL,1,NULL,NULL),(287,'GGU-6629','PRISMA BRANCO','M','P','2017-12-21','2017-12-21 09:18:39','2017-12-21 09:18:41',NULL,NULL,NULL,1,NULL,NULL),(288,'DVP-7679','TITAN 150 PRETA','M','P','2017-12-21','2017-12-21 09:18:53','2017-12-21 09:18:54',NULL,NULL,NULL,2,NULL,NULL),(289,'FJW-8563','LANCER MITSUBISCH','M','P','2017-12-21','2017-12-21 09:58:08','2017-12-21 09:58:09',NULL,NULL,NULL,1,NULL,NULL),(290,'CEH-0282','GOL PRATA','A','P','2017-12-21','2017-12-21 10:37:33','2017-12-21 12:36:42',6.00,NULL,NULL,1,NULL,NULL),(291,'FKI-8366','SPACE CROSS PRETO','A','P','2017-12-21','2017-12-21 10:41:54','2017-12-21 11:28:44',3.00,NULL,NULL,1,NULL,NULL),(292,'EAB-1989','GOL PRETO','A','P','2017-12-21','2017-12-21 10:48:48','2017-12-21 13:37:25',9.00,NULL,NULL,1,NULL,NULL),(293,'CZI-7797','COROLLA PRETO','A','P','2017-12-21','2017-12-21 10:57:29','2017-12-21 13:22:30',9.00,NULL,NULL,1,NULL,NULL),(294,'BLM-1295','VOYAGE VERDE','A','P','2017-12-21','2017-12-21 11:04:05','2017-12-21 12:03:47',3.00,NULL,NULL,1,NULL,NULL),(295,'EVZ-5959','TUCSON PRATA','A','R','2017-12-21','2017-12-21 11:23:43','2017-12-21 11:24:01',NULL,NULL,NULL,1,NULL,NULL),(296,'EYZ-5959','TUCSON PRATA','A','P','2017-12-21','2017-12-21 11:24:19','2017-12-21 11:58:06',3.00,NULL,NULL,1,NULL,NULL),(297,'FKI-8366','SPACE CROSS PRETO','A','P','2017-12-21','2017-12-21 14:37:41','2017-12-21 15:07:59',3.00,NULL,NULL,1,NULL,NULL),(298,'FNJ-4051','AGILE PRATA','A','P','2017-12-21','2017-12-21 15:45:42','2017-12-21 18:03:32',9.00,NULL,NULL,1,NULL,NULL),(299,'OPD-1230','ETIOS PRATA','A','P','2017-12-21','2017-12-21 16:50:54','2017-12-21 17:12:05',2.00,NULL,NULL,1,NULL,NULL),(300,'FGK-2047','PALIO ADVENTURE','M','P','2017-12-22','2017-12-22 08:58:25','2017-12-22 08:58:26',NULL,NULL,NULL,1,NULL,NULL),(301,'EVJ-1066','SIENA PRETO','M','P','2017-12-22','2017-12-22 08:59:32','2017-12-22 08:59:33',NULL,NULL,NULL,1,NULL,NULL),(302,'GAP-6090','HB20 BRANCO','M','P','2017-12-22','2017-12-22 09:07:29','2017-12-22 09:07:32',NULL,NULL,NULL,1,NULL,NULL),(303,'HBJ-4637','CELTA AZUL','M','P','2017-12-22','2017-12-22 09:23:43','2017-12-22 09:23:44',NULL,NULL,NULL,1,NULL,NULL),(304,'FJW-8563','LANCER MITSUBISCH','M','P','2017-12-22','2017-12-22 09:32:38','2017-12-22 09:32:40',NULL,NULL,NULL,1,NULL,NULL),(305,'EYF-6298','MEGANE PRETO','A','P','2017-12-22','2017-12-22 10:16:05','2017-12-22 10:35:26',2.00,NULL,NULL,1,NULL,NULL),(306,'FCZ-5721','ONIX CHUMBO','A','R','2017-12-22','2017-12-22 11:29:25','2017-12-22 11:29:56',NULL,NULL,NULL,1,NULL,NULL),(307,'FZC-5721','ONIX CHUMBO','A','P','2017-12-22','2017-12-22 11:30:23','2017-12-22 12:06:19',3.00,NULL,NULL,1,NULL,NULL),(308,'FOE-0229','ONIX PRATA','A','P','2017-12-22','2017-12-22 12:07:50','2017-12-22 14:51:39',9.00,NULL,NULL,1,NULL,NULL),(309,'FJK-0770','HB20 BRANCO','A','P','2017-12-22','2017-12-22 15:55:49','2017-12-22 18:25:42',9.00,NULL,NULL,1,NULL,NULL),(310,'EKW-5229','HILLUX PRATA','A','P','2017-12-22','2017-12-22 16:08:57','2017-12-22 17:03:06',3.00,NULL,NULL,1,NULL,NULL),(311,'GAP-6090','HB20 BRANCO','M','P','2017-12-26','2017-12-26 09:09:38','2017-12-26 09:09:39',NULL,NULL,NULL,1,NULL,NULL),(312,'FGK-2047','PALIO ADVENTURE','M','P','2017-12-26','2017-12-26 09:09:44','2017-12-26 09:09:45',NULL,NULL,NULL,1,NULL,NULL),(313,'DVP-7679','TITAN 150 PRETA','M','P','2017-12-26','2017-12-26 09:09:57','2017-12-26 09:10:00',NULL,NULL,NULL,2,NULL,NULL),(314,'EVJ-1066','SIENA PRETO','M','P','2017-12-26','2017-12-26 09:23:34','2017-12-26 09:23:36',NULL,NULL,NULL,1,NULL,NULL),(315,'GGU-6629','PRISMA BRANCO','M','P','2017-12-26','2017-12-26 09:30:48','2017-12-26 09:30:49',NULL,NULL,NULL,1,NULL,NULL),(316,'GFN-5488','LIFAN BRANCO','A','R','2017-12-26','2017-12-26 12:16:51','2017-12-26 12:18:01',NULL,NULL,NULL,1,NULL,NULL),(317,'FVA-3553','HB20 PRATA','A','P','2017-12-26','2017-12-26 12:52:03','2017-12-26 14:00:38',6.00,NULL,NULL,1,NULL,NULL),(318,'CEH-4697','FUSCA BEJE','A','P','2017-12-26','2017-12-26 15:30:22','2017-12-26 18:17:33',9.00,NULL,NULL,1,NULL,NULL),(319,'FGK-2047','PALIO ADVENTURE','M','P','2017-12-27','2017-12-27 09:00:31','2017-12-27 09:00:33',NULL,NULL,NULL,1,NULL,NULL),(320,'GAP-6090','HB20 BRANCO','M','P','2017-12-27','2017-12-27 09:01:13','2017-12-27 09:01:16',NULL,NULL,NULL,1,NULL,NULL),(321,'GGU-6629','PRISMA BRANCO','M','P','2017-12-27','2017-12-27 09:08:41','2017-12-27 09:08:43',NULL,NULL,NULL,1,NULL,NULL),(322,'DVP-7679','TITAN 150 PRETA','M','P','2017-12-27','2017-12-27 09:17:45','2017-12-27 09:17:47',NULL,NULL,NULL,2,NULL,NULL),(323,'DUN-6568','CELTA PRETO','A','P','2017-12-27','2017-12-27 09:53:05','2017-12-27 10:21:42',2.00,NULL,NULL,1,NULL,NULL),(324,'EAQ-3235','ASTRARETO','A','P','2017-12-27','2017-12-27 11:17:50','2017-12-27 12:05:55',3.00,NULL,NULL,1,NULL,NULL),(325,'EVJ-1066','SIENA PRETO','M','P','2017-12-27','2017-12-27 15:30:52','2017-12-27 15:30:53',NULL,NULL,NULL,1,NULL,NULL),(326,'FGG-5412','FOX BRANCO','A','P','2017-12-27','2017-12-27 16:34:07','2017-12-27 16:59:07',2.00,NULL,NULL,1,NULL,NULL),(327,'FER-6640','GRAND SIENA CINZA','A','P','2017-12-27','2017-12-27 16:35:11','2017-12-27 17:17:13',3.00,NULL,NULL,1,NULL,NULL),(328,'FUK-5051','GRAND SIENA BRANCO','A','P','2017-12-27','2017-12-27 19:20:12','2017-12-27 20:24:08',6.00,NULL,NULL,1,NULL,NULL),(329,'GAP-6090','HB20 BRANCO','M','P','2017-12-28','2017-12-28 09:01:57','2017-12-28 09:02:39',NULL,NULL,NULL,1,NULL,NULL),(330,'EVJ-1066','SIENA PRETO','M','P','2017-12-28','2017-12-28 09:02:05','2017-12-28 09:02:37',NULL,NULL,NULL,1,NULL,NULL),(331,'FGK-2047','PALIO ADVENTURE','M','P','2017-12-28','2017-12-28 09:07:52','2017-12-28 09:07:53',NULL,NULL,NULL,1,NULL,NULL),(332,'DVP-7679','TITAN 150 PRETA','M','P','2017-12-28','2017-12-28 09:21:39','2017-12-28 09:21:41',NULL,NULL,NULL,2,NULL,NULL),(333,'GGU-6629','PRISMA BRANCO','M','P','2017-12-28','2017-12-28 09:25:54','2017-12-28 09:25:56',NULL,NULL,NULL,1,NULL,NULL),(334,'FUH-6790','ETIOS CINZA','A','P','2017-12-28','2017-12-28 11:48:38','2017-12-28 12:27:57',3.00,NULL,NULL,1,NULL,NULL),(335,'GAP-6090','HB20 BRANCO','M','P','2017-12-29','2017-12-29 09:03:10','2017-12-29 09:06:41',NULL,NULL,NULL,1,NULL,NULL),(336,'FGK-2047','PALIO ADVENTURE','M','P','2017-12-29','2017-12-29 09:06:26','2017-12-29 09:06:40',NULL,NULL,NULL,1,NULL,NULL),(337,'EVJ-1066','SIENA PRETO','M','P','2017-12-29','2017-12-29 09:06:36','2017-12-29 09:06:40',NULL,NULL,NULL,1,NULL,NULL),(338,'HBJ-4637','CELTA AZUL','M','P','2017-12-29','2017-12-29 09:21:11','2017-12-29 09:21:12',NULL,NULL,NULL,1,NULL,NULL),(339,'FDK-7768','HONDA CITY CINZA','A','P','2017-12-29','2017-12-29 10:34:21','2017-12-29 10:56:55',2.00,NULL,NULL,1,NULL,NULL),(340,'FQL-7247','GOL BRANCO','A','P','2017-12-29','2017-12-29 15:50:02','2017-12-29 16:51:10',6.00,NULL,NULL,1,NULL,NULL),(341,'HDJ-4637','CELTA AZUL','M','P','2017-12-30','2017-12-30 09:28:59','2017-12-30 09:29:03',NULL,NULL,NULL,1,NULL,NULL),(342,'GAP-6090','HB20 BRANCO','M','P','2018-01-02','2018-01-02 09:12:23','2018-01-02 09:12:42',NULL,NULL,NULL,1,NULL,NULL),(343,'EVJ-1066','SIENA PRETO','M','P','2018-01-02','2018-01-02 09:12:38','2018-01-02 09:12:43',NULL,NULL,NULL,1,NULL,NULL),(344,'FGK-2047','PALIO ADVENTURE','M','P','2018-01-02','2018-01-02 09:28:50','2018-01-02 09:28:53',NULL,NULL,NULL,1,NULL,NULL),(345,'DXV-8379','PALIO PRETO','A','P','2018-01-02','2018-01-02 10:21:26','2018-01-02 11:07:12',3.00,NULL,NULL,1,NULL,NULL),(346,'FDK-7768','HONDA CITY CINZA','A','P','2018-01-02','2018-01-02 15:48:44','2018-01-02 17:35:16',6.00,NULL,NULL,1,NULL,NULL),(347,'FGZ-1875','SPIN CINZA','A','R','2018-01-02','2018-01-02 16:26:28','2018-01-02 16:27:14',NULL,NULL,NULL,1,NULL,NULL),(348,'GII-5972','SAVEIRO BRANCA','A','P','2018-01-02','2018-01-02 18:04:13','2018-01-02 18:33:21',2.00,NULL,NULL,1,NULL,NULL),(349,'FGK-2047','PALIO ADVENTURE','M','P','2018-01-03','2018-01-03 09:11:16','2018-01-03 09:11:24',NULL,NULL,NULL,1,NULL,NULL),(350,'GAP-6090','HB20 BRANCO','M','P','2018-01-03','2018-01-03 09:11:21','2018-01-03 09:11:26',NULL,NULL,NULL,1,NULL,NULL),(351,'FLQ-5808','VOYAGE CINZA','A','P','2018-01-03','2018-01-03 11:44:31','2018-01-03 12:05:31',2.00,NULL,NULL,1,NULL,NULL),(352,'GJK-5667','S10 PRATA','A','P','2018-01-03','2018-01-03 12:06:02','2018-01-03 12:45:50',3.00,NULL,NULL,1,NULL,NULL),(353,'CDU-5007','F25O PRATA','A','P','2018-01-03','2018-01-03 12:53:59','2018-01-03 14:34:52',6.00,NULL,NULL,1,NULL,NULL),(354,'DQT-1433','MONTANA PRATA','A','P','2018-01-03','2018-01-03 15:53:33','2018-01-03 16:01:17',2.00,NULL,NULL,1,NULL,NULL),(355,'DUQ-5447','SAVEIRO PRETO','A','P','2018-01-03','2018-01-03 17:42:10','2018-01-03 19:35:12',6.00,NULL,NULL,1,NULL,NULL),(356,'GAP-6090','HB20 BRANCO','M','P','2018-01-04','2018-01-04 09:02:03','2018-01-04 09:02:14',NULL,NULL,NULL,1,NULL,NULL),(357,'FGK-2047','PALIO ADVENTURE','M','P','2018-01-04','2018-01-04 09:02:12','2018-01-04 09:02:14',NULL,NULL,NULL,1,NULL,NULL),(358,'GGU-6629','PRISMA BRANCO','M','P','2018-01-04','2018-01-04 09:14:27','2018-01-04 09:14:29',NULL,NULL,NULL,1,NULL,NULL),(359,'FZJ-0400','PRISMA PRATA','A','P','2018-01-04','2018-01-04 11:32:16','2018-01-04 13:30:12',6.00,NULL,NULL,1,NULL,NULL),(360,'FHO-6031','DISCOVERY CINZA','A','P','2018-01-04','2018-01-04 13:10:20','2018-01-04 13:20:31',2.00,NULL,NULL,1,NULL,NULL),(361,'ELZ-6887','C3 PRATA','A','P','2018-01-04','2018-01-04 18:20:52','2018-01-04 20:15:06',6.00,NULL,NULL,1,NULL,NULL),(362,'FGK-2047','PALIO ADVENTURE','M','P','2018-01-05','2018-01-05 09:04:44','2018-01-05 09:05:00',NULL,NULL,NULL,1,NULL,NULL),(363,'EVJ-1066','SIENA PRETO','M','P','2018-01-05','2018-01-05 09:04:50','2018-01-05 09:05:01',NULL,NULL,NULL,1,NULL,NULL),(364,'GAP-6090','HB20 BRANCO','M','P','2018-01-05','2018-01-05 09:06:45','2018-01-05 09:06:46',NULL,NULL,NULL,1,NULL,NULL),(365,'DNK-0427','CORSA PRATA','A','P','2018-01-05','2018-01-05 09:19:35','2018-01-05 11:03:43',6.00,NULL,NULL,1,NULL,NULL),(366,'GGU-6629','PRISMA BRANCO','M','P','2018-01-05','2018-01-05 09:26:48','2018-01-05 09:26:51',NULL,NULL,NULL,1,NULL,NULL),(367,'FKI-8366','SPACE CROSS PRETO','A','R','2018-01-05','2018-01-05 10:08:26','2018-01-05 10:09:42',NULL,NULL,NULL,1,NULL,NULL),(368,'EDV-4116','FUSION PRETO','A','P','2018-01-05','2018-01-05 11:05:20','2018-01-05 12:42:09',6.00,NULL,NULL,1,NULL,NULL),(369,'GAP-6090','HB20 BRANCO','M','P','2018-01-08','2018-01-08 09:03:13','2018-01-08 09:03:20',NULL,NULL,NULL,1,NULL,NULL),(370,'FGK-2047','PALIO ADVENTURE','M','P','2018-01-08','2018-01-08 09:03:17','2018-01-08 09:03:21',NULL,NULL,NULL,1,NULL,NULL),(371,'EVJ-1066','SIENA PRETO','M','P','2018-01-08','2018-01-08 09:52:55','2018-01-08 09:52:57',NULL,NULL,NULL,1,NULL,NULL),(372,'GJK-5667','S10 PRATA','A','P','2018-01-08','2018-01-08 11:08:28','2018-01-08 12:40:00',6.00,NULL,NULL,1,NULL,NULL),(373,'PZP-7387','SANDERO CINZA','A','P','2018-01-08','2018-01-08 12:48:26','2018-01-08 16:21:33',12.00,NULL,NULL,1,NULL,NULL),(374,'EVJ-1066','SIENA PRETO','M','P','2018-01-09','2018-01-09 09:04:58','2018-01-09 09:07:38',NULL,NULL,NULL,1,NULL,NULL),(375,'GAP-6090','HB20 BRANCO','M','P','2018-01-09','2018-01-09 09:07:36','2018-01-09 09:07:39',NULL,NULL,NULL,1,NULL,NULL),(376,'GGU-6629','PRISMA BRANCO','M','P','2018-01-09','2018-01-09 09:31:10','2018-01-09 09:31:13',NULL,NULL,NULL,1,NULL,NULL),(377,'BLY-9704','BELINA CINZA','A','P','2018-01-09','2018-01-09 15:46:02','2018-01-09 18:25:18',9.00,NULL,NULL,1,NULL,NULL),(378,'FLH-5063','ETIOS VERMELHO','A','P','2018-01-09','2018-01-09 15:58:50','2018-01-09 20:12:57',15.00,NULL,NULL,1,NULL,NULL),(379,'FDU-2650','HONDA FIT BRANCO','A','P','2018-01-09','2018-01-09 16:51:25','2018-01-09 17:43:36',3.00,NULL,NULL,1,NULL,NULL),(380,'ETW-0095','KIA SOUL PRETO','A','P','2018-01-09','2018-01-09 16:52:13','2018-01-09 19:30:20',9.00,NULL,NULL,1,NULL,NULL),(381,'DUN-6111','CORSA PRATA','A','P','2018-01-09','2018-01-09 16:53:05','2018-01-09 19:35:31',9.00,NULL,NULL,1,NULL,NULL),(382,'GAP-6090','HB20 BRANCO','M','P','2018-01-10','2018-01-10 16:23:23','2018-01-10 16:23:26',NULL,NULL,NULL,1,NULL,NULL),(383,'GAP-6090','HB20 BRANCO','M','P','2018-01-11','2018-01-11 09:03:43','2018-01-11 09:03:45',NULL,NULL,NULL,1,NULL,NULL),(384,'FGK-1754','COROLLA PRETO','A','P','2018-01-11','2018-01-11 10:02:37','2018-01-11 11:04:25',6.00,NULL,NULL,1,NULL,NULL),(385,'GAP-6090','HB20 BRANCO','M','P','2018-01-12','2018-01-12 09:06:18','2018-01-12 09:06:19',NULL,NULL,NULL,1,NULL,NULL),(386,'EVJ-1066','SIENA PRETO','M','P','2018-01-12','2018-01-12 09:06:54','2018-01-12 09:06:57',NULL,NULL,NULL,1,NULL,NULL),(387,'GGU-6629','PRISMA BRANCO','M','P','2018-01-12','2018-01-12 09:15:56','2018-01-12 09:15:59',NULL,NULL,NULL,1,NULL,NULL),(388,NULL,NULL,NULL,'C',NULL,'0000-00-00 00:00:00','0000-00-00 00:00:00',NULL,NULL,NULL,NULL,NULL,NULL),(389,NULL,NULL,NULL,'C',NULL,'0000-00-00 00:00:00','0000-00-00 00:00:00',NULL,NULL,NULL,NULL,NULL,NULL),(390,NULL,NULL,NULL,'C',NULL,'0000-00-00 00:00:00','0000-00-00 00:00:00',NULL,NULL,NULL,NULL,NULL,NULL),(391,'FKI-8366','SPACE CROSS PRETO','A','P','2018-01-12','2018-01-12 09:26:34','2018-01-12 10:10:20',3.00,NULL,NULL,1,NULL,NULL),(392,'FLL-4446','TOYOTA RAV4 PRATA','A','P','2018-01-12','2018-01-12 11:02:17','2018-01-12 13:23:22',9.00,NULL,NULL,1,NULL,NULL),(393,'FTE-3337','NISSAN KICKS CINZA','A','P','2018-01-12','2018-01-12 11:05:57','2018-01-12 11:49:05',3.00,NULL,NULL,1,NULL,NULL),(394,'FPW-9119','JEEP RENEGADE PRATA','A','P','2018-01-12','2018-01-12 12:04:30','2018-01-12 13:16:05',6.00,NULL,NULL,1,NULL,NULL),(395,'FEC-1829','COBALT PRETO','A','P','2018-01-12','2018-01-12 16:59:43','2018-01-12 17:49:01',3.00,NULL,NULL,1,NULL,NULL),(396,'GAP-6090','HB20 BRANCO','M','P','2018-01-15','2018-01-15 09:35:17','2018-01-15 09:35:20',NULL,NULL,NULL,1,NULL,NULL),(397,'GGU-6629','PRISMA BRANCO','M','P','2018-01-15','2018-01-15 09:38:45','2018-01-15 09:38:47',NULL,NULL,NULL,1,NULL,NULL),(398,'GBB-5550','ECOSPORT BRANCA','A','P','2018-01-15','2018-01-15 10:59:33','2018-01-15 11:38:32',NULL,NULL,NULL,1,NULL,NULL),(399,'CQO-3940','CORSA CLASSIC PRATA','A','P','2018-01-15','2018-01-15 11:01:19','2018-01-15 11:56:52',3.00,NULL,NULL,1,NULL,NULL),(400,'GJK-5667','S10 PRATA','A','P','2018-01-15','2018-01-15 11:13:02','2018-01-15 12:05:53',3.00,NULL,NULL,1,NULL,NULL),(401,'FOM-2608','FOCUS TITANIUM PRATA','A','P','2018-01-15','2018-01-15 11:52:38','2018-01-15 12:05:34',2.00,NULL,NULL,1,NULL,NULL),(402,'FME-4825','HONDA FIT PRATA','A','P','2018-01-15','2018-01-15 17:11:56','2018-01-15 17:41:00',2.00,NULL,NULL,1,NULL,NULL),(403,'DNK-0427','CORSA PRATA','A','P','2018-01-15','2018-01-15 19:00:50','2018-01-15 19:10:17',2.00,NULL,NULL,1,NULL,NULL),(404,'GAP-6090','HB20 BRANCO','M','P','2018-01-16','2018-01-16 09:12:43','2018-01-16 09:12:46',NULL,NULL,NULL,1,NULL,NULL),(405,'FFH-5717','AGILE PRATA','A','P','2018-01-16','2018-01-16 09:39:43','2018-01-16 11:27:15',6.00,NULL,NULL,1,NULL,NULL),(406,'BLX-9381','UNO VINHO','A','P','2018-01-16','2018-01-16 16:07:45','2018-01-16 16:46:51',3.00,NULL,NULL,1,NULL,NULL),(407,'GAP-6090','HB20 BRANCO','M','P','2018-01-17','2018-01-17 09:06:54','2018-01-17 09:06:56',NULL,NULL,NULL,1,NULL,NULL),(408,'EKN-0149','CIVIC CINZA','A','P','2018-01-17','2018-01-17 11:22:38','2018-01-17 12:38:40',6.00,NULL,NULL,1,NULL,NULL),(409,'EER-0976','DUSTER PRATA','A','P','2018-01-17','2018-01-17 16:32:09','2018-01-17 17:40:21',6.00,NULL,NULL,1,NULL,NULL),(410,'GAP-6090','HB20 BRANCO','M','P','2018-01-18','2018-01-18 09:08:18','2018-01-18 09:08:26',NULL,NULL,NULL,1,NULL,NULL),(411,'GGU-6629','PRISMA BRANCO','M','P','2018-01-18','2018-01-18 09:08:23','2018-01-18 09:08:25',NULL,NULL,NULL,1,NULL,NULL),(412,'FNY-7800','HILUX PRATA','A','P','2018-01-18','2018-01-18 10:36:41','2018-01-18 10:45:39',2.00,NULL,NULL,1,NULL,NULL),(413,'FEC-2185','CORSA CLASSIC PRETO','A','P','2018-01-18','2018-01-18 11:43:59','2018-01-18 11:50:27',2.00,NULL,NULL,1,NULL,NULL),(414,'BKL-9222','GOL PRETO','A','P','2018-01-18','2018-01-18 11:44:23','2018-01-18 13:08:39',6.00,NULL,NULL,1,NULL,NULL),(415,'DNQ-1745','ASTRA CINZA','A','P','2018-01-18','2018-01-18 12:46:32','2018-01-18 13:17:37',3.00,NULL,NULL,1,NULL,NULL),(416,'BKE-3757','SANTANA QUANTUM CINZA','A','P','2018-01-18','2018-01-18 14:50:48','2018-01-18 15:24:55',3.00,NULL,NULL,1,NULL,NULL),(417,'CEW-7924','GOL VERDE','A','P','2018-01-18','2018-01-18 16:12:40','2018-01-18 19:18:32',12.00,NULL,NULL,1,NULL,NULL),(418,'FNY-7800','HILUX PRATA','A','P','2018-01-18','2018-01-18 16:46:46','2018-01-18 16:56:23',2.00,NULL,NULL,1,NULL,NULL),(419,'GIF-4644','ETIOS BRANCO','A','P','2018-01-19','2018-01-19 09:06:18','2018-01-19 09:22:19',2.00,NULL,NULL,1,NULL,NULL),(420,'GAP-6090','HB20 BRANCO','M','P','2018-01-19','2018-01-19 09:10:39','2018-01-19 09:10:44',NULL,NULL,NULL,1,NULL,NULL),(421,'DXW-8703','STRADA PRATA','A','P','2018-01-19','2018-01-19 09:29:03','2018-01-19 10:26:51',3.00,NULL,NULL,1,NULL,NULL),(422,'GGU-6629','PRISMA BRANCO','M','P','2018-01-19','2018-01-19 09:42:47','2018-01-19 09:42:50',NULL,NULL,NULL,1,NULL,NULL),(423,'EDA-5627','RENAULT CLIO CINZA','A','P','2018-01-19','2018-01-19 09:59:51','2018-01-19 10:16:00',2.00,NULL,NULL,1,NULL,NULL),(424,'BPQ-3113','CIRETA PRATA','A','P','2018-01-19','2018-01-19 10:10:08','2018-01-19 10:39:11',2.00,NULL,NULL,1,NULL,NULL),(425,'XBJ-1700','SUZUKI PRETO','A','P','2018-01-19','2018-01-19 10:41:25','2018-01-19 11:01:38',2.00,NULL,NULL,1,NULL,NULL),(426,'FNY-7800','HILUX PRATA','A','R','2018-01-19','2018-01-19 11:29:15','2018-01-19 11:30:42',NULL,NULL,NULL,1,NULL,NULL),(427,'BEN-0707','ESCORT PRETO','A','P','2018-01-22','2018-01-22 09:14:08','2018-01-22 10:43:28',6.00,NULL,NULL,1,NULL,NULL),(428,'GGU-6629','PRISMA BRANCO','M','P','2018-01-22','2018-01-22 09:35:01','2018-01-22 09:35:10',NULL,NULL,NULL,1,NULL,NULL),(429,'GAP-6090','HB20 BRANCO','M','P','2018-01-22','2018-01-22 09:35:08','2018-01-22 09:35:12',NULL,NULL,NULL,1,NULL,NULL),(430,'GJK-5667','S10 PRATA','A','P','2018-01-22','2018-01-22 12:02:39','2018-01-22 13:11:41',6.00,NULL,NULL,1,NULL,NULL),(431,'OVH-7986','CITROEN PICASSO PRATA','A','P','2018-01-22','2018-01-22 12:46:25','2018-01-22 12:51:27',2.00,NULL,NULL,1,NULL,NULL),(432,'FEC-1934','FOX BRANCO','A','P','2018-01-22','2018-01-22 16:17:54','2018-01-22 16:52:06',3.00,NULL,NULL,1,NULL,NULL),(433,'FQD-0820','CRUZE BRANCO','A','P','2018-01-22','2018-01-22 17:14:07','2018-01-22 17:58:49',3.00,NULL,NULL,1,NULL,NULL),(434,'ELZ-1215','PICKUP S10 PRETA','A','P','2018-01-22','2018-01-22 18:06:09','2018-01-22 21:30:42',12.00,NULL,NULL,1,NULL,NULL),(435,'GAP-6090','HB20 BRANCO','M','P','2018-01-23','2018-01-23 09:06:02','2018-01-23 09:06:05',NULL,NULL,NULL,1,NULL,NULL),(436,'GGU-6629','PRISMA BRANCO','M','P','2018-01-23','2018-01-23 09:33:26','2018-01-23 09:33:28',NULL,NULL,NULL,1,NULL,NULL),(437,'HCF-8051','FUSION PRETO','A','P','2018-01-23','2018-01-23 10:41:44','2018-01-23 11:35:10',3.00,NULL,NULL,1,NULL,NULL),(438,'DSQ-5615','COROLLA PRATA','A','P','2018-01-23','2018-01-23 11:04:17','2018-01-23 12:58:59',6.00,NULL,NULL,1,NULL,NULL),(439,'FET-7842','HB20 PRATA','A','P','2018-01-23','2018-01-23 12:07:34','2018-01-23 12:46:57',3.00,NULL,NULL,1,NULL,NULL),(440,'FTS-3472','HB20 PRATA','A','P','2018-01-23','2018-01-23 15:37:01','2018-01-23 16:43:22',6.00,NULL,NULL,1,NULL,NULL),(441,'DZD-1413','SPACEFOX PRATA','A','P','2018-01-23','2018-01-23 16:55:48','2018-01-23 19:05:29',9.00,NULL,NULL,1,NULL,NULL),(442,'ELZ-1215','PICKUP S10 PRETA','A','P','2018-01-23','2018-01-23 18:56:38','2018-01-23 19:53:13',3.00,NULL,NULL,1,NULL,NULL),(443,'DNU-5108','CELTA PRATA','A','P','2018-01-23','2018-01-23 18:56:58','2018-01-23 19:52:43',3.00,NULL,NULL,1,NULL,NULL),(444,'GAP-6090','HB20 BRANCO','M','P','2018-01-24','2018-01-24 09:19:04','2018-01-24 09:19:15',NULL,NULL,NULL,1,NULL,NULL),(445,'GGU-6629','PRISMA BRANCO','M','P','2018-01-24','2018-01-24 09:19:13','2018-01-24 09:19:15',NULL,NULL,NULL,1,NULL,NULL),(446,'BKE-9724','GOL PRETO','A','P','2018-01-24','2018-01-24 09:49:19','2018-01-24 11:03:53',6.00,NULL,NULL,1,NULL,NULL),(447,'GAD-1114','DUSTER PRATA','A','P','2018-01-24','2018-01-24 10:12:00','2018-01-24 11:57:27',6.00,NULL,NULL,1,NULL,NULL),(448,'ELZ-1215','PICKUP S10 PRETA','A','P','2018-01-24','2018-01-24 11:27:18','2018-01-24 13:07:03',6.00,NULL,NULL,1,NULL,NULL),(449,'ETY-3993','SANTA FÉ PRETO','A','P','2018-01-24','2018-01-24 11:28:35','2018-01-24 15:09:37',12.00,NULL,NULL,1,NULL,NULL),(450,'FNY-7800','HILUX PRATA','A','P','2018-01-24','2018-01-24 15:52:19','2018-01-24 17:52:21',6.00,NULL,NULL,1,NULL,NULL),(451,'BOZ-8787','CORSA PRETO','A','P','2018-01-24','2018-01-24 15:57:16','2018-01-24 21:25:02',18.00,NULL,NULL,1,NULL,NULL),(452,'FMK-9865','HB20 PRETO','A','P','2018-01-24','2018-01-24 16:34:05','2018-01-24 16:43:48',2.00,NULL,NULL,1,NULL,NULL),(453,'FTH-4851','SANTAFÉ','A','P','2018-01-24','2018-01-24 17:03:26','2018-01-24 17:41:29',3.00,NULL,NULL,1,NULL,NULL),(454,'ETY-1196','FOX PRATA','A','P','2018-01-24','2018-01-24 19:01:11','2018-01-24 20:27:54',6.00,NULL,NULL,1,NULL,NULL),(455,'GAP-6090','HB20 BRANCO','M','P','2018-01-25','2018-01-25 09:13:06','2018-01-25 09:13:08',NULL,NULL,NULL,1,NULL,NULL),(456,'GGU-6629','PRISMA BRANCO','M','P','2018-01-25','2018-01-25 09:32:45','2018-01-25 09:32:47',NULL,NULL,NULL,1,NULL,NULL),(457,'BKL-9292','SANTANA VINHO','A','P','2018-01-25','2018-01-25 10:19:54','2018-01-25 10:31:00',2.00,NULL,NULL,1,NULL,NULL),(458,'CSH-9634','STRADA PRETA','A','P','2018-01-25','2018-01-25 11:03:38','2018-01-25 16:44:10',12.00,NULL,NULL,2,NULL,NULL),(459,'FXE-0551','GOL BRANCO','A','P','2018-01-25','2018-01-25 11:51:15','2018-01-25 13:08:06',6.00,NULL,NULL,1,NULL,NULL),(460,'ENX-0489','UNO BRANCO','A','P','2018-01-25','2018-01-25 16:13:00','2018-01-25 16:38:29',2.00,NULL,NULL,1,NULL,NULL),(461,'FFL-4023','FIAT TORO BRANCO','A','P','2018-01-25','2018-01-25 16:23:50','2018-01-25 18:57:53',9.00,NULL,NULL,1,NULL,NULL),(462,'FZP-0580','ONIX PRETO','I','P','2018-01-25','2018-01-25 17:27:50','2018-01-25 20:05:01',9.00,NULL,NULL,1,NULL,NULL),(463,'ELZ-1215','PICKUP S10 PRETA','A','P','2018-01-25','2018-01-25 19:19:01','2018-01-25 21:24:31',9.00,NULL,NULL,1,NULL,NULL),(464,'DSY-4878','GOL PRETO','A','P','2018-01-25','2018-01-25 19:23:51','2018-01-25 19:34:13',2.00,NULL,NULL,1,NULL,NULL),(465,'GGU-6629','PRISMA BRANCO','M','P','2018-01-26','2018-01-26 09:09:52','2018-01-26 09:10:06',NULL,NULL,NULL,1,NULL,NULL),(466,'GAP-6090','HB20 BRANCO','M','P','2018-01-26','2018-01-26 09:09:56','2018-01-26 09:10:07',NULL,NULL,NULL,1,NULL,NULL),(467,'BOZ-8787','CORSA PRETO','A','P','2018-01-26','2018-01-26 09:55:35','2018-01-26 11:35:24',6.00,NULL,NULL,1,NULL,NULL),(468,'EIJ-3530','S10 PRATA','A','P','2018-01-26','2018-01-26 09:56:55','2018-01-26 10:48:02',3.00,NULL,NULL,1,NULL,NULL),(469,'FVH-1220','ETIOS BRANCO','A','P','2018-01-26','2018-01-26 09:58:57','2018-01-26 14:06:30',15.00,NULL,NULL,1,NULL,NULL),(470,'FKI-8366','SPACE CROSS PRETO','A','P','2018-01-26','2018-01-26 10:06:43','2018-01-26 12:22:27',9.00,NULL,NULL,1,NULL,NULL),(471,'CZG-7892','S10 CINZA','A','P','2018-01-26','2018-01-26 10:19:55','2018-01-26 10:52:14',3.00,NULL,NULL,1,NULL,NULL),(472,'FNJ-4262','CIVIC CINZA','A','P','2018-01-26','2018-01-26 10:51:57','2018-01-26 11:08:23',2.00,NULL,NULL,1,NULL,NULL),(473,'FTH-4851','SANTAFÉ','A','P','2018-01-26','2018-01-26 10:58:41','2018-01-26 12:29:44',6.00,NULL,NULL,1,NULL,NULL),(474,'CZG-7892','S10 CINZA','A','P','2018-01-26','2018-01-26 13:27:30','2018-01-26 14:45:04',6.00,NULL,NULL,1,NULL,NULL),(475,'EVJ-1501','FOX PRATA','A','P','2018-01-26','2018-01-26 17:55:56','2018-01-26 18:34:35',3.00,NULL,NULL,1,NULL,NULL),(476,'GAP-6090','HB20 BRANCO','M','P','2018-01-29','2018-01-29 09:13:45','2018-01-29 09:13:47',NULL,NULL,NULL,1,NULL,NULL),(477,'GGU-6629','PRISMA BRANCO','M','P','2018-01-29','2018-01-29 09:30:43','2018-01-29 09:30:45',NULL,NULL,NULL,1,NULL,NULL),(478,'FVS-8689','FIESTA BRANCO','A','P','2018-01-29','2018-01-29 10:09:29','2018-01-29 11:20:59',6.00,NULL,NULL,1,NULL,NULL),(479,'FIB-1725','PEUGEUT PRATA','A','P','2018-01-29','2018-01-29 10:15:41','2018-01-29 13:15:29',9.00,NULL,NULL,1,NULL,NULL),(480,'GJK-5667','S10 PRATA','A','P','2018-01-29','2018-01-29 11:10:40','2018-01-29 12:27:02',6.00,NULL,NULL,1,NULL,NULL),(481,'FOM-2567','ECOSPORT PRETA','A','R','2018-01-29','2018-01-29 11:54:25','2018-01-29 11:58:26',NULL,NULL,NULL,1,NULL,NULL),(482,'DGI-1599','GOL PRATA','A','P','2018-01-29','2018-01-29 15:52:40','2018-01-29 16:01:10',2.00,NULL,NULL,1,NULL,NULL),(483,'EPE-5247','SAVEIRO PRATA','A','P','2018-01-29','2018-01-29 17:27:55','2018-01-29 19:09:31',6.00,NULL,NULL,1,NULL,NULL),(484,'EVJ-1066','SIENA PRETO','M','P','2018-01-30','2018-01-30 09:04:16','2018-01-30 09:04:18',NULL,NULL,NULL,1,NULL,NULL),(485,'GGU-6629','PRISMA BRANCO','M','P','2018-01-30','2018-01-30 09:08:10','2018-01-30 09:08:25',NULL,NULL,NULL,1,NULL,NULL),(486,'GAP-6090','HB20 BRANCO','M','P','2018-01-30','2018-01-30 09:08:18','2018-01-30 09:08:24',NULL,NULL,NULL,1,NULL,NULL),(487,'GFU-7675','HILUX PRETA','A','P','2018-01-30','2018-01-30 09:50:28','2018-01-30 10:36:54',3.00,NULL,NULL,1,NULL,NULL),(488,'FPR-5230','COBALT PRETO','A','P','2018-01-30','2018-01-30 10:01:28','2018-01-30 10:24:21',2.00,NULL,NULL,1,NULL,NULL),(489,'DGL-4114','CORSA PRETO','A','P','2018-01-30','2018-01-30 10:37:55','2018-01-30 13:09:22',9.00,NULL,NULL,1,NULL,NULL),(490,'EAP-7372','PAJERO PRATA','A','P','2018-01-30','2018-01-30 10:56:17','2018-01-30 11:31:17',3.00,NULL,NULL,1,NULL,NULL),(491,'GAP-6090','HB20 BRANCO','M','P','2018-01-31','2018-01-31 09:17:35','2018-01-31 09:17:37',NULL,NULL,NULL,1,NULL,NULL),(492,'DBU-5248','GOL BRANCO','A','P','2018-01-31','2018-01-31 09:32:15','2018-01-31 10:11:06',3.00,NULL,NULL,1,NULL,NULL),(493,'GGU-6629','PRISMA BRANCO','M','P','2018-01-31','2018-01-31 09:36:40','2018-01-31 09:36:42',NULL,NULL,NULL,1,NULL,NULL),(494,'EER-7161','PALIO PRATA','A','P','2018-01-31','2018-01-31 10:05:33','2018-01-31 10:52:48',3.00,NULL,NULL,1,NULL,NULL),(495,'GJK-5667','S10 PRATA','A','P','2018-01-31','2018-01-31 11:36:18','2018-01-31 12:31:00',3.00,NULL,NULL,1,NULL,NULL),(496,'GFH-0687','COROLLA PRATA','A','P','2018-01-31','2018-01-31 13:27:57','2018-01-31 14:28:17',3.00,NULL,NULL,1,NULL,NULL),(497,'OPU-9745','UNO MILLE PRATA','A','P','2018-01-31','2018-01-31 16:55:18','2018-01-31 17:26:08',3.00,NULL,NULL,1,NULL,NULL),(498,'GFA-8550','JEEP','A','P','2018-01-31','2018-01-31 18:18:09','2018-01-31 19:30:17',6.00,NULL,NULL,1,NULL,NULL),(499,'EFT-5677','HONDA PRETO','A','P','2018-01-31','2018-01-31 18:48:50','2018-01-31 19:44:15',3.00,NULL,NULL,1,NULL,NULL),(500,'DVY-1817','TUYTER','A','P','2018-01-31','2018-01-31 19:15:14','2018-01-31 19:46:40',2.00,NULL,NULL,2,NULL,NULL),(501,'EYZ-7478','HONDA PRATA','A','P','2018-01-31','2018-01-31 19:55:14','2018-01-31 20:49:30',3.00,NULL,NULL,1,NULL,NULL),(502,'DZV-5642','GOL PRETO','A','P','2018-02-01','2018-02-01 09:14:33','2018-02-01 09:38:37',2.00,NULL,NULL,1,NULL,NULL),(503,'GAP-6090','HB20 BRANCO','M','P','2018-02-01','2018-02-01 09:15:23','2018-02-01 09:15:40',NULL,NULL,NULL,1,NULL,NULL),(504,'EVJ-1066','SIENA PRETO','M','P','2018-02-01','2018-02-01 09:15:30','2018-02-01 09:15:39',NULL,NULL,NULL,1,NULL,NULL),(505,'GGU-6629','PRISMA BRANCO','M','P','2018-02-01','2018-02-01 09:15:36','2018-02-01 09:15:38',NULL,NULL,NULL,1,NULL,NULL),(506,'FME-4963','ONIX BRANCO','M','P','2018-02-01','2018-02-01 09:25:56','2018-02-01 09:25:58',NULL,NULL,NULL,1,NULL,NULL),(507,'FYS-4373','FOX BRANCO','A','P','2018-02-01','2018-02-01 09:38:29','2018-02-01 11:30:13',6.00,NULL,NULL,1,NULL,NULL),(508,'GFU-7675','HILUX PRETA','A','P','2018-02-01','2018-02-01 09:57:55','2018-02-01 11:04:30',6.00,NULL,NULL,1,NULL,NULL),(509,'FMF-8408','ETIOS BRANCO','A','P','2018-02-01','2018-02-01 10:00:52','2018-02-01 11:37:27',6.00,NULL,NULL,1,NULL,NULL),(510,'EDV-0928','GOL CINZA','A','P','2018-02-01','2018-02-01 10:02:35','2018-02-01 12:36:42',9.00,NULL,NULL,1,NULL,NULL),(511,'EDA-4549','FORD KA PRATA','A','P','2018-02-01','2018-02-01 10:17:57','2018-02-01 11:55:55',6.00,NULL,NULL,1,NULL,NULL),(512,'DNQ-1865','GOL CINZA','A','P','2018-02-01','2018-02-01 12:12:23','2018-02-01 13:12:06',3.00,NULL,NULL,1,NULL,NULL),(513,'ETY-4298','FIESTA RIVIERA','A','P','2018-02-01','2018-02-01 17:20:27','2018-02-01 18:09:29',3.00,NULL,NULL,1,NULL,NULL),(514,'GAP-6090','HB20 BRANCO','M','P','2018-02-02','2018-02-02 09:05:17','2018-02-02 09:08:39',NULL,NULL,NULL,1,NULL,NULL),(515,'EVJ-1066','SIENA PRETO','M','P','2018-02-02','2018-02-02 09:05:25','2018-02-02 09:08:38',NULL,NULL,NULL,1,NULL,NULL),(516,'FME-4963','ONIX BRANCO','M','P','2018-02-02','2018-02-02 09:06:11','2018-02-02 09:08:37',NULL,NULL,NULL,1,NULL,NULL),(517,'GGU-6629','PRISMA BRANCO','M','P','2018-02-02','2018-02-02 09:28:04','2018-02-02 09:28:06',NULL,NULL,NULL,1,NULL,NULL),(518,'DXW-8703','STRADA PRATA','A','P','2018-02-02','2018-02-02 09:42:03','2018-02-02 11:54:35',9.00,NULL,NULL,1,NULL,NULL),(519,'FJK-1663','CIVIC CINZA','A','P','2018-02-02','2018-02-02 09:53:24','2018-02-02 10:10:44',2.00,NULL,NULL,1,NULL,NULL),(520,'BJT-2807','ESCORT CINZA','A','P','2018-02-02','2018-02-02 09:54:31','2018-02-02 10:46:52',3.00,NULL,NULL,1,NULL,NULL),(521,'PXK-8554','HB20 BRANCA','A','P','2018-02-02','2018-02-02 10:08:20','2018-02-02 10:58:57',3.00,NULL,NULL,1,NULL,NULL),(522,'IVR-8459','HB20 BRANCO','A','P','2018-02-02','2018-02-02 10:27:15','2018-02-02 14:04:57',12.00,NULL,NULL,1,NULL,NULL),(523,'EPS-0703','CITROEN C3 PRETO','A','P','2018-02-02','2018-02-02 10:57:00','2018-02-02 11:29:51',3.00,NULL,NULL,1,NULL,NULL),(524,'FCA-4840','COBALT BRANCO','A','P','2018-02-02','2018-02-02 12:04:59','2018-02-02 13:23:14',6.00,NULL,NULL,1,NULL,NULL),(525,'FKV-3023','CORSA PRETO','A','R','2018-02-02','2018-02-02 13:25:36','2018-02-02 13:26:15',NULL,NULL,NULL,1,NULL,NULL),(526,'DPK-1474','IX35','A','P','2018-02-02','2018-02-02 19:53:49','2018-02-02 20:15:55',2.00,NULL,NULL,1,NULL,NULL),(527,'GAP-6090','HB20 BRANCO','M','P','2018-02-05','2018-02-05 09:07:21','2018-02-05 09:08:04',NULL,NULL,NULL,1,NULL,NULL),(528,'FME-4963','ONIX BRANCO','M','P','2018-02-05','2018-02-05 09:08:31','2018-02-05 09:08:34',NULL,NULL,NULL,1,NULL,NULL),(529,'FKI-8366','SPACE CROSS PRETO','A','P','2018-02-05','2018-02-05 09:35:39','2018-02-05 10:45:22',6.00,NULL,NULL,1,NULL,NULL),(530,'GJL-1100','FOX PRATA','A','P','2018-02-05','2018-02-05 11:04:27','2018-02-05 13:44:57',9.00,NULL,NULL,1,NULL,NULL),(531,'GJK-5667','S10 PRATA','A','P','2018-02-05','2018-02-05 11:33:15','2018-02-05 13:08:11',6.00,NULL,NULL,1,NULL,NULL),(532,'EVJ-1066','SIENA PRETO','M','P','2018-02-05','2018-02-05 15:26:29','2018-02-05 15:26:31',NULL,NULL,NULL,1,NULL,NULL),(533,'EVJ-1066','SIENA PRETO','M','P','2018-02-06','2018-02-06 09:03:07','2018-02-06 09:03:09',NULL,NULL,NULL,1,NULL,NULL),(534,'GAP-6090','HB20 BRANCO','M','P','2018-02-06','2018-02-06 09:07:55','2018-02-06 09:07:57',NULL,NULL,NULL,1,NULL,NULL),(535,'FME-4963','ONIX BRANCO','M','P','2018-02-06','2018-02-06 09:13:27','2018-02-06 09:13:31',NULL,NULL,NULL,1,NULL,NULL),(536,'CVW-1269','CG TITAN VERDE','A','P','2018-02-06','2018-02-06 09:15:27','2018-02-06 18:05:23',18.00,NULL,NULL,2,NULL,NULL),(537,'FTA-9919','HONDA CRV BRANCO','A','P','2018-02-06','2018-02-06 10:55:07','2018-02-06 14:17:12',12.00,NULL,NULL,1,NULL,NULL),(538,'EPF-8954','RENAULT SYMBOL','A','P','2018-02-06','2018-02-06 11:52:52','2018-02-06 13:06:40',6.00,NULL,NULL,1,NULL,NULL),(539,'OJR-3644','DUSTER PRETO','A','P','2018-02-06','2018-02-06 16:24:04','2018-02-06 17:18:20',3.00,NULL,NULL,1,NULL,NULL),(540,'FGO-8913','AGILE PRETO','A','P','2018-02-06','2018-02-06 16:31:43','2018-02-06 17:34:36',6.00,NULL,NULL,1,NULL,NULL),(541,'CEH-2885','PALIO VERDE','A','P','2018-02-06','2018-02-06 16:34:22','2018-02-06 17:38:14',6.00,NULL,NULL,1,NULL,NULL),(542,'FGK-2038','PALIOBRANCO','A','P','2018-02-06','2018-02-06 18:43:36','2018-02-06 18:57:10',2.00,NULL,NULL,1,NULL,NULL),(543,'GAP-6090','HB20 BRANCO','M','P','2018-02-07','2018-02-07 09:09:56','2018-02-07 09:09:59',NULL,NULL,NULL,1,NULL,NULL),(544,'FME-4963','ONIX BRANCO','M','P','2018-02-07','2018-02-07 09:16:50','2018-02-07 09:16:52',NULL,NULL,NULL,1,NULL,NULL),(545,'FBI-6682','DUSTER BRANCO','A','P','2018-02-07','2018-02-07 10:09:15','2018-02-07 11:00:03',3.00,NULL,NULL,1,NULL,NULL),(546,'FGR-9488','COBALT PRATA','A','P','2018-02-07','2018-02-07 10:13:04','2018-02-07 10:54:48',3.00,NULL,NULL,1,NULL,NULL),(547,'FTA-9919','HONDA CRV BRANCO','A','P','2018-02-07','2018-02-07 10:59:42','2018-02-07 13:34:58',9.00,NULL,NULL,1,NULL,NULL),(548,'EVJ-1066','SIENA PRETO','M','P','2018-02-07','2018-02-07 15:31:03','2018-02-07 15:31:06',NULL,NULL,NULL,1,NULL,NULL),(549,'FIW-1640','BMW X1','A','P','2018-02-07','2018-02-07 17:52:17','2018-02-07 18:17:45',2.00,NULL,NULL,1,NULL,NULL),(550,'FME-4963','ONIX BRANCO','M','P','2018-02-08','2018-02-08 09:07:53','2018-02-08 09:07:55',NULL,NULL,NULL,1,NULL,NULL),(551,'GAP-6090','HB20 BRANCO','M','P','2018-02-08','2018-02-08 09:11:02','2018-02-08 09:11:07',NULL,NULL,NULL,1,NULL,NULL),(552,'FBQ-6020','CELTA VERMELHO','A','R','2018-02-08','2018-02-08 13:00:32','2018-02-08 13:05:18',NULL,NULL,NULL,1,NULL,NULL),(553,'FBQ-6060','CELTA ','A','P','2018-02-08','2018-02-08 14:20:11','2018-02-08 14:45:05',2.00,NULL,NULL,1,NULL,NULL),(554,'FBQ-6020','CELTA VERMELHO','A','R','2018-02-08','2018-02-08 17:39:28','2018-02-08 17:42:14',NULL,NULL,NULL,1,NULL,NULL),(555,'GAP-6090','HB20 BRANCO','M','P','2018-02-09','2018-02-09 09:04:33','2018-02-09 09:04:40',NULL,NULL,NULL,1,NULL,NULL),(556,'FME-4963','ONIX BRANCO','M','P','2018-02-09','2018-02-09 09:11:28','2018-02-09 09:11:29',NULL,NULL,NULL,1,NULL,NULL),(557,'FKI-8366','SPACE CROSS PRETO','A','P','2018-02-09','2018-02-09 09:52:59','2018-02-09 11:01:04',6.00,NULL,NULL,1,NULL,NULL),(558,'CEH-4697','FUSCA BEJE','A','P','2018-02-09','2018-02-09 11:22:01','2018-02-09 12:35:39',6.00,NULL,NULL,1,NULL,NULL),(559,'PZU-6204','SANDERO PRATA','A','R','2018-02-09','2018-02-09 12:54:08','2018-02-09 12:58:28',NULL,NULL,NULL,1,NULL,NULL),(560,'DWZ-    ','FEIZER','A','R','2018-02-09','2018-02-09 14:28:35','2018-02-09 14:30:41',NULL,NULL,NULL,2,NULL,NULL),(561,'DWZ-7925','FEIZER AZUL','A','P','2018-02-09','2018-02-09 14:32:16','2018-02-09 15:07:18',2.00,NULL,NULL,2,NULL,NULL),(562,'FFL-4023','FIAT TORO BRANCO','A','P','2018-02-09','2018-02-09 18:38:43','2018-02-09 20:20:53',6.00,NULL,NULL,1,NULL,NULL),(563,'FKI-8366','SPACE CROSS PRETO','A','P','2018-02-12','2018-02-12 09:24:50','2018-02-12 10:10:07',3.00,NULL,NULL,1,NULL,NULL),(564,'FRZ-5745','TOYOTA RAV4 PRATA','A','P','2018-02-12','2018-02-12 10:37:42','2018-02-12 10:44:32',2.00,NULL,NULL,1,NULL,NULL),(565,'GAP-6090','HB20 BRANCO','M','P','2018-02-14','2018-02-14 09:25:48','2018-02-14 09:25:58',NULL,NULL,NULL,1,NULL,NULL),(566,'FME-4963','ONIX BRANCO','M','P','2018-02-14','2018-02-14 09:25:54','2018-02-14 09:25:57',NULL,NULL,NULL,1,NULL,NULL),(567,'BMB-6441','ESCORT CINZA','A','P','2018-02-14','2018-02-14 10:38:27','2018-02-14 11:23:42',3.00,NULL,NULL,1,NULL,NULL),(568,'EVJ-1066','SIENA PRETO','M','P','2018-02-14','2018-02-14 15:29:41','2018-02-14 15:39:40',NULL,NULL,NULL,1,NULL,NULL),(569,'EBA-9164','VECTRA PRATA','A','P','2018-02-14','2018-02-14 16:47:52','2018-02-14 18:18:06',6.00,NULL,NULL,1,NULL,NULL),(570,'FIW-1640','BMW X1','A','R','2018-02-14','2018-02-14 17:42:05','2018-02-14 17:46:57',NULL,NULL,NULL,1,NULL,NULL),(571,'EDA-5385','TUCSON PRATA','A','P','2018-02-14','2018-02-14 18:47:26','2018-02-14 19:13:04',2.00,NULL,NULL,1,NULL,NULL),(572,'EVJ-1066','SIENA PRETO','M','P','2018-02-15','2018-02-15 09:14:24','2018-02-15 09:14:41',NULL,NULL,NULL,1,NULL,NULL),(573,'GAP-6090','HB20 BRANCO','M','P','2018-02-15','2018-02-15 09:14:28','2018-02-15 09:14:39',NULL,NULL,NULL,1,NULL,NULL),(574,'FME-4963','ONIX BRANCO','M','P','2018-02-15','2018-02-15 09:14:33','2018-02-15 09:14:39',NULL,NULL,NULL,1,NULL,NULL),(575,'GFS-6248','JEEP PRETO','A','P','2018-02-15','2018-02-15 11:18:39','2018-02-15 12:12:31',3.00,NULL,NULL,1,NULL,NULL),(576,'CZA-7833','MONTANA PRETA','A','P','2018-02-15','2018-02-15 15:56:13','2018-02-15 16:10:37',2.00,NULL,NULL,1,NULL,NULL),(577,'FJR-7995','SAVEIRO CINZA','A','P','2018-02-15','2018-02-15 17:41:12','2018-02-15 19:03:12',6.00,NULL,NULL,1,NULL,NULL),(578,'FGK-9216','SANTA FE','A','P','2018-02-15','2018-02-15 18:01:41','2018-02-15 18:15:01',2.00,NULL,NULL,1,NULL,NULL),(579,'EVJ-1066','SIENA PRETO','M','P','2018-02-16','2018-02-16 09:03:38','2018-02-16 09:03:41',NULL,NULL,NULL,1,NULL,NULL),(580,'FKI-8366','SPACE CROSS PRETO','A','P','2018-02-16','2018-02-16 09:55:59','2018-02-16 11:51:38',6.00,NULL,NULL,1,NULL,NULL),(581,'DWZ-7925','FEIZER AZUL','A','P','2018-02-16','2018-02-16 09:56:31','2018-02-16 11:35:02',4.00,NULL,NULL,2,NULL,NULL),(582,'FKZ-9641','GOL PRATA','A','P','2018-02-16','2018-02-16 10:13:15','2018-02-16 10:43:47',3.00,NULL,NULL,1,NULL,NULL),(583,'HFP-8039','ZAFIRA PRATA','A','P','2018-02-16','2018-02-16 10:22:17','2018-02-16 11:27:46',6.00,NULL,NULL,1,NULL,NULL),(584,'GGX-3692','TOYOTA RAV4 PRATA','A','P','2018-02-16','2018-02-16 11:43:41','2018-02-16 12:36:17',3.00,NULL,NULL,1,NULL,NULL),(585,'FVD-0330','COROLLA PRETO','A','P','2018-02-16','2018-02-16 11:56:03','2018-02-16 13:45:44',6.00,NULL,NULL,1,NULL,NULL),(586,'GAP-6090','HB20 BRANCO','M','P','2018-02-19','2018-02-19 10:21:53','2018-02-19 10:22:04',NULL,NULL,NULL,1,NULL,NULL),(587,'FME-4963','ONIX BRANCO','M','P','2018-02-19','2018-02-19 10:21:59','2018-02-19 10:22:06',NULL,NULL,NULL,1,NULL,NULL),(588,'GGU-6629','PRISMA BRANCO','M','P','2018-02-19','2018-02-19 10:22:02','2018-02-19 10:22:07',NULL,NULL,NULL,1,NULL,NULL),(589,'FKI-8366','SPACE CROSS PRETO','A','P','2018-02-19','2018-02-19 10:31:42','2018-02-19 11:14:22',3.00,NULL,NULL,1,NULL,NULL),(590,'ETY-3732','PEUGEOUT PRATA','A','P','2018-02-19','2018-02-19 12:07:04','2018-02-19 13:54:41',6.00,NULL,NULL,1,NULL,NULL),(591,'GJK-5667','S10 PRATA','A','P','2018-02-19','2018-02-19 12:37:33','2018-02-19 14:10:35',6.00,NULL,NULL,1,NULL,NULL),(592,'EVJ-1066','SIENA PRETO','M','P','2018-02-19','2018-02-19 16:31:13','2018-02-19 16:31:17',NULL,NULL,NULL,1,NULL,NULL),(593,'GBY-3078','CITROEN PRETO','A','P','2018-02-19','2018-02-19 17:25:35','2018-02-19 18:14:45',3.00,NULL,NULL,1,NULL,NULL),(594,'FNS-7522','FOCUS PRATA','A','P','2018-02-19','2018-02-19 17:29:03','2018-02-19 18:43:09',6.00,NULL,NULL,1,NULL,NULL),(595,'FNY-7800','HILUX PRATA','A','P','2018-02-20','2018-02-20 09:59:54','2018-02-20 10:18:33',2.00,NULL,NULL,1,NULL,NULL),(596,'EVJ-1066','SIENA PRETO','M','P','2018-02-20','2018-02-20 10:03:20','2018-02-20 10:03:22',NULL,NULL,NULL,1,NULL,NULL),(597,'GAP-6090','HB20 BRANCO','M','P','2018-02-20','2018-02-20 10:15:28','2018-02-20 10:15:30',NULL,NULL,NULL,1,NULL,NULL),(598,'FND-4401','JEEP PRETO','A','P','2018-02-20','2018-02-20 10:18:17','2018-02-20 10:29:26',2.00,NULL,NULL,1,NULL,NULL),(599,'EAP-7386','GOL PRETO','A','P','2018-02-20','2018-02-20 11:31:05','2018-02-20 14:00:51',9.00,NULL,NULL,1,NULL,NULL),(600,'FCZ-9010','IX35 BRANCO','A','P','2018-02-20','2018-02-20 12:24:33','2018-02-20 13:55:16',6.00,NULL,NULL,1,NULL,NULL),(601,'OGP-0018','SPORTAGE BRANCO','A','P','2018-02-20','2018-02-20 12:25:12','2018-02-20 14:19:02',6.00,NULL,NULL,1,NULL,NULL),(602,'FNY-7800','HILUX PRATA','A','P','2018-02-20','2018-02-20 17:36:09','2018-02-20 17:47:09',2.00,NULL,NULL,1,NULL,NULL),(603,'OGP-0018','SPORTAGE BRANCO','A','P','2018-02-20','2018-02-20 17:40:52','2018-02-20 18:24:51',3.00,NULL,NULL,1,NULL,NULL),(604,'DVY-1817','TUYTER','A','R','2018-02-20','2018-02-20 20:00:40','2018-02-20 20:05:38',NULL,NULL,NULL,2,NULL,NULL),(605,'DVY-1817','TUYTER','A','P','2018-02-20','2018-02-20 20:07:11','2018-02-20 20:24:40',2.00,NULL,NULL,2,NULL,NULL),(606,'GAP-6090','HB20 BRANCO','M','P','2018-02-21','2018-02-21 10:12:01','2018-02-21 10:12:14',NULL,NULL,NULL,1,NULL,NULL),(607,'FME-4963','ONIX BRANCO','M','P','2018-02-21','2018-02-21 10:12:08','2018-02-21 10:12:12',NULL,NULL,NULL,1,NULL,NULL),(608,'GGU-6629','PRISMA BRANCO','M','P','2018-02-21','2018-02-21 10:25:01','2018-02-21 10:25:04',NULL,NULL,NULL,1,NULL,NULL),(609,'EXT-6923','FIESTA','A','P','2018-02-21','2018-02-21 11:38:25','2018-02-21 12:18:02',3.00,NULL,NULL,1,NULL,NULL),(610,'EDA-2303','PALIO PRATA','A','P','2018-02-21','2018-02-21 12:09:24','2018-02-21 12:30:08',2.00,NULL,NULL,1,NULL,NULL),(611,'ETM-0478','STRADA PRATA','A','P','2018-02-21','2018-02-21 12:51:15','2018-02-21 14:27:31',6.00,NULL,NULL,1,NULL,NULL),(612,'GCH-2400','HRV PRETO','A','P','2018-02-21','2018-02-21 13:25:02','2018-02-21 17:44:25',15.00,NULL,NULL,1,NULL,NULL),(613,'EVJ-1066','SIENA PRETO','M','P','2018-02-21','2018-02-21 16:31:06','2018-02-21 16:31:08',NULL,NULL,NULL,1,NULL,NULL),(614,'FTA-9919','HONDA CRV BRANCO','A','P','2018-02-21','2018-02-21 17:11:38','2018-02-21 20:51:41',12.00,NULL,NULL,1,NULL,NULL),(615,'PYJ-4928','MONTANA BRANCO','A','P','2018-02-21','2018-02-21 17:26:47','2018-02-21 17:40:52',2.00,NULL,NULL,1,NULL,NULL),(616,'BXB-5553','CRETA','A','P','2018-02-21','2018-02-21 19:18:14','2018-02-21 20:24:22',6.00,NULL,NULL,1,NULL,NULL),(617,'EVJ-1066','SIENA PRETO','M','P','2018-02-22','2018-02-22 10:04:37','2018-02-22 10:04:46',NULL,NULL,NULL,1,NULL,NULL),(618,'GAP-6090','HB20 BRANCO','M','P','2018-02-22','2018-02-22 10:04:42','2018-02-22 10:04:45',NULL,NULL,NULL,1,NULL,NULL),(619,'FWW-5470','COROLLA PRATA','A','P','2018-02-22','2018-02-22 10:16:32','2018-02-22 10:44:38',2.00,NULL,NULL,1,NULL,NULL),(620,'EOM-9263','BIZ PRETA','A','P','2018-02-22','2018-02-22 11:53:11','2018-02-22 12:46:38',2.00,NULL,NULL,2,NULL,NULL),(621,'EDA-5450','VOYAGE PRETO','A','P','2018-02-22','2018-02-22 11:59:42','2018-02-22 13:55:22',6.00,NULL,NULL,1,NULL,NULL),(622,'FNY-7800','HILUX PRATA','A','R','2018-02-22','2018-02-22 13:46:49','2018-02-22 13:50:16',NULL,NULL,NULL,1,NULL,NULL),(623,'ENP-7608','AGILE CINZA','A','P','2018-02-22','2018-02-22 20:02:58','2018-02-22 21:32:24',6.00,NULL,NULL,1,NULL,NULL),(624,'GGA-7930','CRUZE BRANCO','A','P','2018-02-22','2018-02-22 20:18:55','2018-02-22 21:19:54',3.00,NULL,NULL,1,NULL,NULL),(625,'EVJ-1066','SIENA PRETO','M','P','2018-02-23','2018-02-23 10:03:56','2018-02-23 10:04:00',NULL,NULL,NULL,1,NULL,NULL),(626,'GAP-6090','HB20 BRANCO','M','P','2018-02-23','2018-02-23 10:06:38','2018-02-23 10:06:39',NULL,NULL,NULL,1,NULL,NULL),(627,'FME-4963','ONIX BRANCO','M','P','2018-02-23','2018-02-23 10:11:33','2018-02-23 10:11:37',NULL,NULL,NULL,1,NULL,NULL),(628,'FKI-8366','SPACE CROSS PRETO','A','P','2018-02-23','2018-02-23 10:47:07','2018-02-23 12:21:50',6.00,NULL,NULL,1,NULL,NULL),(629,'FLT-0473','FOX CINZA ','A','P','2018-02-23','2018-02-23 14:32:05','2018-02-23 15:26:00',3.00,NULL,NULL,1,NULL,NULL),(630,'FXS-7780','CRUZE PRETO','A','P','2018-02-23','2018-02-23 17:30:28','2018-02-23 19:40:24',9.00,NULL,NULL,1,NULL,NULL),(631,'FBI-6682','DUSTER BRANCO','A','P','2018-02-23','2018-02-23 19:03:40','2018-02-23 19:27:47',2.00,NULL,NULL,1,NULL,NULL),(632,'FSA-6002','FIESTA','A','P','2018-02-23','2018-02-23 19:39:52','2018-02-23 20:34:52',3.00,NULL,NULL,1,NULL,NULL),(633,'GAP-6090','HB20 BRANCO','M','P','2018-02-26','2018-02-26 10:04:28','2018-02-26 10:04:32',NULL,NULL,NULL,1,NULL,NULL),(634,'GAP-3898','FIAT ARGO VERMELHO','A','P','2018-02-26','2018-02-26 11:22:07','2018-02-26 15:01:21',12.00,NULL,NULL,1,NULL,NULL),(635,'FDS-9560','HB20 PRATA','A','P','2018-02-26','2018-02-26 16:35:59','2018-02-26 17:41:15',6.00,NULL,NULL,1,NULL,NULL),(636,'EVJ-1066','SIENA PRETO','M','P','2018-02-26','2018-02-26 16:37:13','2018-02-26 16:37:16',NULL,NULL,NULL,1,NULL,NULL),(637,'GCH-2400','HRV PRETO','A','P','2018-02-26','2018-02-26 17:19:18','2018-02-26 17:30:25',2.00,NULL,NULL,1,NULL,NULL),(638,'FSA-6002','FIESTA','A','P','2018-02-26','2018-02-26 19:41:49','2018-02-26 23:30:54',12.00,NULL,NULL,1,NULL,NULL),(639,'GGU-6629','PRISMA BRANCO','M','P','2018-02-27','2018-02-27 10:06:35','2018-02-27 10:06:43',NULL,NULL,NULL,1,NULL,NULL),(640,'GAP-6090','HB20 BRANCO','M','P','2018-02-27','2018-02-27 10:06:40','2018-02-27 10:06:42',NULL,NULL,NULL,1,NULL,NULL),(641,'FME-4963','ONIX BRANCO','M','P','2018-02-27','2018-02-27 10:16:34','2018-02-27 10:16:37',NULL,NULL,NULL,1,NULL,NULL),(642,'EVG-8276','FIAT PUNTO PRATA','A','P','2018-02-27','2018-02-27 11:16:07','2018-02-27 11:21:37',2.00,NULL,NULL,1,NULL,NULL),(643,'EVG-8276','FIAT PUNTO PRATA','A','P','2018-02-27','2018-02-27 11:29:44','2018-02-27 12:35:09',6.00,NULL,NULL,1,NULL,NULL),(644,'CIK-2931','PALIO AZUL','A','P','2018-02-27','2018-02-27 11:52:01','2018-02-27 13:39:00',6.00,NULL,NULL,1,NULL,NULL),(645,'DUK-5758','ASTRA PRETO','A','P','2018-02-27','2018-02-27 13:40:46','2018-02-27 14:28:48',3.00,NULL,NULL,1,NULL,NULL),(646,'FGD-1260','FOX PRATA','A','P','2018-02-27','2018-02-27 13:50:52','2018-02-27 15:10:26',6.00,NULL,NULL,1,NULL,NULL),(647,'FKI-8366','SPACE CROSS PRETO','A','P','2018-02-27','2018-02-27 13:57:26','2018-02-27 14:22:49',2.00,NULL,NULL,1,NULL,NULL),(648,'FDF-2429','FOX PRATA','A','P','2018-02-27','2018-02-27 14:24:26','2018-02-27 14:32:49',2.00,NULL,NULL,1,NULL,NULL),(649,'MGU-1466','UNO PRATA','A','P','2018-02-27','2018-02-27 17:00:15','2018-02-27 17:55:22',3.00,NULL,NULL,1,NULL,NULL),(650,'EPS-8657','FOX PRETO','A','P','2018-02-27','2018-02-27 18:51:12','2018-02-27 19:14:17',2.00,NULL,NULL,1,NULL,NULL),(651,'EVX-8836','TOYOTA PRATA','A','P','2018-02-27','2018-02-27 19:29:33','2018-02-27 21:02:44',6.00,NULL,NULL,1,NULL,NULL),(652,'GAP-6090','HB20 BRANCO','M','P','2018-02-28','2018-02-28 10:17:05','2018-02-28 10:17:07',NULL,NULL,NULL,1,NULL,NULL),(653,'FME-5011','CRUZE BRANCO','A','P','2018-02-28','2018-02-28 12:54:56','2018-02-28 14:31:40',6.00,NULL,NULL,1,NULL,NULL),(654,'EVJ-1066','SIENA PRETO','M','P','2018-02-28','2018-02-28 16:32:45','2018-02-28 16:32:47',NULL,NULL,NULL,1,NULL,NULL),(655,'DJG-7275','CORSA BRANCO','A','P','2018-02-28','2018-02-28 17:31:31','2018-02-28 18:55:34',6.00,NULL,NULL,1,NULL,NULL),(656,'EVJ-1066','SIENA PRETO','M','P','2018-03-01','2018-03-01 10:01:34','2018-03-01 10:01:35',NULL,NULL,NULL,1,NULL,NULL),(657,'GAP-6090','HB20 BRANCO','M','P','2018-03-01','2018-03-01 10:05:14','2018-03-01 10:05:27',NULL,NULL,NULL,1,NULL,NULL),(658,'GGU-6629','PRISMA BRANCO','M','P','2018-03-01','2018-03-01 10:05:21','2018-03-01 10:05:26',NULL,NULL,NULL,1,NULL,NULL),(659,'FME-4963','ONIX BRANCO','M','P','2018-03-01','2018-03-01 10:12:33','2018-03-01 10:12:35',NULL,NULL,NULL,1,NULL,NULL),(660,'FBI-6682','DUSTER BRANCO','A','P','2018-03-01','2018-03-01 10:13:53','2018-03-01 12:17:36',9.00,NULL,NULL,1,NULL,NULL),(661,'HFP-8039','ZAFIRA PRATA','A','P','2018-03-01','2018-03-01 11:19:03','2018-03-01 13:19:18',6.00,NULL,NULL,1,NULL,NULL),(662,'FME-4713','TOYOTA RAV4 PRATA','A','P','2018-03-01','2018-03-01 11:23:04','2018-03-01 12:49:28',6.00,NULL,NULL,1,NULL,NULL),(663,'FCK-6799','AIRCROSS BRANCO','A','P','2018-03-01','2018-03-01 11:33:07','2018-03-01 11:42:59',2.00,NULL,NULL,1,NULL,NULL),(664,'HRU-3689','UNO PRATA','A','P','2018-03-01','2018-03-01 11:50:24','2018-03-01 12:41:51',3.00,NULL,NULL,1,NULL,NULL),(665,'PZT-0522','FIAT MOBI BRANCO','A','P','2018-03-01','2018-03-01 17:00:58','2018-03-01 18:08:03',6.00,NULL,NULL,1,NULL,NULL),(666,'FTA-9919','HONDA CRV BRANCO','A','P','2018-03-01','2018-03-01 17:27:53','2018-03-01 20:16:39',9.00,NULL,NULL,1,NULL,NULL),(667,'FSA-6002','FIESTA','A','P','2018-03-01','2018-03-01 19:41:38','2018-03-01 21:46:20',9.00,NULL,NULL,1,NULL,NULL),(668,'FME-4840','BM','A','P','2018-03-01','2018-03-01 19:43:39','2018-03-01 20:07:30',2.00,NULL,NULL,1,NULL,NULL),(669,'ETM-0331','PUNTO PRETO','A','P','2018-03-01','2018-03-01 20:53:55','2018-03-01 21:16:01',2.00,NULL,NULL,1,NULL,NULL),(670,'FME-4840','BM','A','P','2018-03-02','2018-03-02 10:06:10','2018-03-02 13:03:29',9.00,NULL,NULL,1,NULL,NULL),(671,'GAP-6090','HB20 BRANCO','M','P','2018-03-02','2018-03-02 10:14:44','2018-03-02 10:14:58',NULL,NULL,NULL,1,NULL,NULL),(672,'EVJ-1066','SIENA PRETO','M','P','2018-03-02','2018-03-02 10:14:53','2018-03-02 10:14:56',NULL,NULL,NULL,1,NULL,NULL),(673,'FKI-8366','SPACE CROSS PRETO','A','P','2018-03-02','2018-03-02 10:26:02','2018-03-02 11:42:53',6.00,NULL,NULL,1,NULL,NULL),(674,'EEX-0019','VOLVO BRANCO','A','P','2018-03-02','2018-03-02 12:09:45','2018-03-02 12:17:55',2.00,NULL,NULL,1,NULL,NULL),(675,'FNJ-4107','GOL BRANCO','A','P','2018-03-02','2018-03-02 12:24:49','2018-03-02 14:14:26',6.00,NULL,NULL,1,NULL,NULL),(676,'BXB-5553','CRETA','A','P','2018-03-02','2018-03-02 12:38:56','2018-03-02 14:17:44',6.00,NULL,NULL,1,NULL,NULL),(677,'BKD-1154','MONZA','A','P','2018-03-02','2018-03-02 12:42:37','2018-03-02 13:49:54',6.00,NULL,NULL,1,NULL,NULL),(678,'DDL-1015','POLO PRETO','A','P','2018-03-02','2018-03-02 12:52:05','2018-03-02 13:43:32',3.00,NULL,NULL,1,NULL,NULL),(679,'EDA-5385','TUCSON PRATA','A','P','2018-03-02','2018-03-02 19:04:34','2018-03-02 19:20:35',2.00,NULL,NULL,1,NULL,NULL),(680,'XBJ-1700','SUZUKI PRETO','A','R','2018-03-03','2018-03-03 12:42:27','2018-03-03 12:44:31',NULL,NULL,NULL,1,NULL,NULL),(681,'GAP-6090','HB20 BRANCO','M','P','2018-03-05','2018-03-05 10:02:26','2018-03-05 10:02:37',NULL,NULL,NULL,1,NULL,NULL),(682,'GGU-6629','PRISMA BRANCO','M','P','2018-03-05','2018-03-05 10:02:31','2018-03-05 10:02:39',NULL,NULL,NULL,1,NULL,NULL),(683,'FME-4963','ONIX BRANCO','M','P','2018-03-05','2018-03-05 10:12:00','2018-03-05 10:12:02',NULL,NULL,NULL,1,NULL,NULL),(684,'FKI-8366','SPACE CROSS PRETO','A','P','2018-03-05','2018-03-05 10:29:09','2018-03-05 11:42:58',6.00,NULL,NULL,1,NULL,NULL),(685,'BPV-0370','UNO AZUL','A','P','2018-03-05','2018-03-05 10:38:36','2018-03-05 13:15:55',9.00,NULL,NULL,1,NULL,NULL),(686,'FQE-8943','COROLLA PRATA','A','P','2018-03-05','2018-03-05 11:33:31','2018-03-05 12:36:27',6.00,NULL,NULL,1,NULL,NULL),(687,'BKD-5206','FUSCA BRANCO','A','P','2018-03-05','2018-03-05 11:45:31','2018-03-05 12:37:48',3.00,NULL,NULL,1,NULL,NULL),(688,'GJK-5667','S10 PRATA','A','P','2018-03-05','2018-03-05 12:01:21','2018-03-05 13:58:28',6.00,NULL,NULL,1,NULL,NULL),(689,'EVJ-1066','SIENA PRETO','M','P','2018-03-05','2018-03-05 16:24:52','2018-03-05 16:24:57',NULL,NULL,NULL,1,NULL,NULL),(690,'FBI-6682','DUSTER BRANCO','A','P','2018-03-05','2018-03-05 17:32:45','2018-03-05 17:48:30',2.00,NULL,NULL,1,NULL,NULL),(691,'OPU-9745','UNO MILLE PRATA','A','P','2018-03-05','2018-03-05 18:43:03','2018-03-05 19:42:30',3.00,NULL,NULL,1,NULL,NULL),(692,'FTP-0664','S10 CINZA','A','P','2018-03-05','2018-03-05 19:04:24','2018-03-05 19:32:19',2.00,NULL,NULL,1,NULL,NULL),(693,'EVJ-1066','SIENA PRETO','M','P','2018-03-06','2018-03-06 10:03:06','2018-03-06 10:06:26',NULL,NULL,NULL,1,NULL,NULL),(694,'GAP-6090','HB20 BRANCO','M','P','2018-03-06','2018-03-06 10:06:21','2018-03-06 10:06:25',NULL,NULL,NULL,1,NULL,NULL),(695,'ETY-4425','GOL PRATA','A','R','2018-03-06','2018-03-06 10:14:29','2018-03-06 10:15:22',NULL,NULL,NULL,1,NULL,NULL),(696,'FER-8966','ECOSPORT BRANCO','A','P','2018-03-06','2018-03-06 12:36:20','2018-03-06 13:21:32',3.00,NULL,NULL,1,NULL,NULL),(697,'EYZ-5866','SANDERO PRATA','A','P','2018-03-06','2018-03-06 12:54:37','2018-03-06 13:14:48',2.00,NULL,NULL,1,NULL,NULL),(698,'FME-5095','SAVEIRO BRANCO','A','P','2018-03-06','2018-03-06 13:25:16','2018-03-06 17:02:55',12.00,NULL,NULL,1,NULL,NULL),(699,'FTA-9919','HONDA CRV BRANCO','A','P','2018-03-06','2018-03-06 13:38:19','2018-03-06 15:45:05',9.00,NULL,NULL,1,NULL,NULL),(700,'BQQ-7479','D20BRANCA','A','P','2018-03-06','2018-03-06 17:01:56','2018-03-06 19:11:00',9.00,NULL,NULL,1,NULL,NULL),(701,'EAR-9633','GOL PRETO','A','P','2018-03-06','2018-03-06 17:54:56','2018-03-06 18:23:04',2.00,NULL,NULL,1,NULL,NULL),(702,'GHI-6140','PRISMA BRANCO','A','P','2018-03-06','2018-03-06 18:46:02','2018-03-06 19:30:26',3.00,NULL,NULL,1,NULL,NULL),(703,'DBU-3679','ESCORTE CINZA','A','P','2018-03-06','2018-03-06 19:07:50','2018-03-06 19:50:41',3.00,NULL,NULL,1,NULL,NULL),(704,'FTH-2402','CRUZE BRANCO','A','P','2018-03-07','2018-03-07 10:05:19','2018-03-07 11:03:47',3.00,NULL,NULL,1,NULL,NULL),(705,'GAP-6090','HB20 BRANCO','M','P','2018-03-07','2018-03-07 10:05:51','2018-03-07 10:05:55',NULL,NULL,NULL,1,NULL,NULL),(706,'FME-4963','ONIX BRANCO','M','P','2018-03-07','2018-03-07 10:16:47','2018-03-07 10:16:49',NULL,NULL,NULL,1,NULL,NULL),(707,'OPU-5745','UNO PRATA','A','R','2018-03-07','2018-03-07 10:44:35','2018-03-07 10:45:23',NULL,NULL,NULL,1,NULL,NULL),(708,'OPU-9745','UNO MILLE PRATA','A','P','2018-03-07','2018-03-07 10:45:36','2018-03-07 14:53:19',15.00,NULL,NULL,1,NULL,NULL),(709,'BLY-9704','BELINA CINZA','A','R','2018-03-07','2018-03-07 13:42:24','2018-03-07 13:46:31',NULL,NULL,NULL,1,NULL,NULL),(710,'FTP-0664','S10 CINZA','A','P','2018-03-07','2018-03-07 13:54:06','2018-03-07 14:18:35',2.00,NULL,NULL,1,NULL,NULL),(711,'FGS-4268','SIENA PRATA','A','P','2018-03-07','2018-03-07 17:44:43','2018-03-07 19:07:23',6.00,NULL,NULL,1,NULL,NULL),(712,'DSQ-6080','CORSA CINZA','A','P','2018-03-07','2018-03-07 17:50:07','2018-03-07 18:16:16',2.00,NULL,NULL,1,NULL,NULL),(713,'FHM-0271','CIVIC PRETO','A','P','2018-03-07','2018-03-07 18:13:05','2018-03-07 18:39:56',2.00,NULL,NULL,1,NULL,NULL),(714,'CKL-1001','SUZUKI BRANCO','A','P','2018-03-07','2018-03-07 19:14:10','2018-03-07 20:18:17',6.00,NULL,NULL,1,NULL,NULL),(715,'DGL-9569','GOL PRATA','A','P','2018-03-08','2018-03-08 10:03:30','2018-03-08 12:17:34',9.00,NULL,NULL,1,NULL,NULL),(716,'EVJ-1066','SIENA PRETO','M','P','2018-03-08','2018-03-08 10:03:36','2018-03-08 10:03:38',NULL,NULL,NULL,1,NULL,NULL),(717,'GAP-6090','HB20 BRANCO','M','P','2018-03-08','2018-03-08 10:10:57','2018-03-08 10:11:01',NULL,NULL,NULL,1,NULL,NULL),(718,'GHI-6140','PRISMA BRANCO','A','P','2018-03-08','2018-03-08 10:43:59','2018-03-08 10:50:08',2.00,NULL,NULL,1,NULL,NULL),(719,'FKI-8366','SPACE CROSS PRETO','A','P','2018-03-08','2018-03-08 10:46:28','2018-03-08 12:01:19',6.00,NULL,NULL,1,NULL,NULL),(720,'EON-9263','HONDA BIZ','A','P','2018-03-08','2018-03-08 11:06:32','2018-03-08 13:07:50',6.00,NULL,NULL,2,NULL,NULL),(721,'HCF-8051','FUSION PRETO','A','P','2018-03-08','2018-03-08 11:41:30','2018-03-08 12:49:38',6.00,NULL,NULL,1,NULL,NULL),(722,'CWJ-3377','CORSA VERDE','A','P','2018-03-08','2018-03-08 11:59:58','2018-03-08 13:32:34',6.00,NULL,NULL,1,NULL,NULL),(723,'FHO-6031','DISCOVERY CINZA','A','P','2018-03-08','2018-03-08 12:43:46','2018-03-08 15:44:55',12.00,NULL,NULL,1,NULL,NULL),(724,'FKI-8366','SPACE CROSS PRETO','A','P','2018-03-08','2018-03-08 15:56:04','2018-03-08 16:43:35',3.00,NULL,NULL,1,NULL,NULL),(725,'FTA-9919','HONDA CRV BRANCO','A','P','2018-03-08','2018-03-08 16:56:50','2018-03-08 18:51:27',6.00,NULL,NULL,1,NULL,NULL),(726,'DXW-7847','PARATI CINZA','A','R','2018-03-08','2018-03-08 17:02:03','2018-03-08 17:06:21',NULL,NULL,NULL,1,NULL,NULL),(727,'GEF-4334','HONDA CITY BRANCO','A','P','2018-03-08','2018-03-08 17:16:17','2018-03-08 18:42:51',6.00,NULL,NULL,1,NULL,NULL),(728,'GAP-6090','HB20 BRANCO','M','P','2018-03-09','2018-03-09 10:06:47','2018-03-09 10:06:49',NULL,NULL,NULL,1,NULL,NULL),(729,'FME-4963','ONIX BRANCO','M','P','2018-03-09','2018-03-09 10:17:35','2018-03-09 10:17:37',NULL,NULL,NULL,1,NULL,NULL),(730,'FJE-0729','CORSA CHUMBO','A','P','2018-03-09','2018-03-09 10:54:16','2018-03-09 11:47:13',3.00,NULL,NULL,1,NULL,NULL),(731,'FYT-3553','COROLLA PRATA','A','P','2018-03-09','2018-03-09 11:08:08','2018-03-09 13:39:49',9.00,NULL,NULL,1,NULL,NULL),(732,'GCE-4404','OUTLANDER PRETO','A','P','2018-03-09','2018-03-09 11:09:19','2018-03-09 11:39:51',3.00,NULL,NULL,1,NULL,NULL),(733,'FIG-5859','VERSA BRANCO','A','P','2018-03-09','2018-03-09 12:02:26','2018-03-09 12:11:31',2.00,NULL,NULL,1,NULL,NULL),(734,'FYT-3553','COROLLA PRATA','A','P','2018-03-09','2018-03-09 17:25:49','2018-03-09 21:05:50',12.00,NULL,NULL,1,NULL,NULL),(735,'GAP-6090','HB20 BRANCO','M','P','2018-03-12','2018-03-12 10:07:27','2018-03-12 10:07:29',NULL,NULL,NULL,1,NULL,NULL),(736,'FME-4963','ONIX BRANCO','M','P','2018-03-12','2018-03-12 10:32:00','2018-03-12 10:32:03',NULL,NULL,NULL,1,NULL,NULL),(737,'FKI-8366','SPACE CROSS PRETO','A','P','2018-03-12','2018-03-12 10:48:00','2018-03-12 12:34:49',6.00,NULL,NULL,1,NULL,NULL),(738,'EDA-4840','GOL PRATA','A','P','2018-03-12','2018-03-12 11:29:47','2018-03-12 13:31:49',9.00,NULL,NULL,1,NULL,NULL),(739,'GJK-5667','S10 PRATA','A','P','2018-03-12','2018-03-12 12:02:15','2018-03-12 13:13:58',6.00,NULL,NULL,1,NULL,NULL),(740,'CWJ-4448','GOL VERDE','A','P','2018-03-12','2018-03-12 14:01:57','2018-03-12 14:42:02',3.00,NULL,NULL,1,NULL,NULL),(741,'EVJ-1066','SIENA PRETO','M','P','2018-03-12','2018-03-12 16:20:18','2018-03-12 16:20:21',NULL,NULL,NULL,1,NULL,NULL),(742,'FLH-5074','PUNTO BRANCO','A','P','2018-03-12','2018-03-12 17:08:21','2018-03-12 17:45:13',3.00,NULL,NULL,1,NULL,NULL),(743,'DQP-3978','UNO PRATA','A','P','2018-03-12','2018-03-12 21:12:02','2018-03-12 22:39:33',6.00,NULL,NULL,1,NULL,NULL),(744,'FME-4963','ONIX BRANCO','M','P','2018-03-13','2018-03-13 10:03:20','2018-03-13 10:04:56',NULL,NULL,NULL,1,NULL,NULL),(745,'GGU-6629','PRISMA BRANCO','M','P','2018-03-13','2018-03-13 10:03:30','2018-03-13 10:04:55',NULL,NULL,NULL,1,NULL,NULL),(746,'EVJ-1066','SIENA PRETO','M','P','2018-03-13','2018-03-13 10:03:34','2018-03-13 10:04:54',NULL,NULL,NULL,1,NULL,NULL),(747,'GAP-6090','HB20 BRANCO','M','P','2018-03-13','2018-03-13 10:07:12','2018-03-13 10:07:14',NULL,NULL,NULL,1,NULL,NULL),(748,'FIG-5859','VERSA BRANCO','A','P','2018-03-13','2018-03-13 11:12:01','2018-03-13 11:18:00',2.00,NULL,NULL,1,NULL,NULL),(749,'ANT-7765','CELTA PRATA','A','P','2018-03-13','2018-03-13 11:20:24','2018-03-13 15:32:54',15.00,NULL,NULL,1,NULL,NULL),(750,'CUN-8080','JEEP BRANCO','A','P','2018-03-13','2018-03-13 12:35:39','2018-03-13 21:03:43',27.00,NULL,NULL,1,NULL,NULL),(751,'FER-6640','GRAND SIENA CINZA','A','P','2018-03-13','2018-03-13 16:27:20','2018-03-13 17:38:04',6.00,NULL,NULL,1,NULL,NULL),(752,'DXA-2753','GOL PRATA','A','P','2018-03-13','2018-03-13 16:57:13','2018-03-13 18:16:23',6.00,NULL,NULL,1,NULL,NULL),(753,'FQJ-4419','GOL PRETO','A','P','2018-03-13','2018-03-13 17:08:26','2018-03-13 19:43:44',9.00,NULL,NULL,1,NULL,NULL),(754,'CLY-4020','UNO AZUL','A','P','2018-03-13','2018-03-13 17:10:52','2018-03-13 20:16:18',12.00,NULL,NULL,1,NULL,NULL),(755,'GAP-6090','HB20 BRANCO','M','P','2018-03-14','2018-03-14 10:08:39','2018-03-14 10:08:41',NULL,NULL,NULL,1,NULL,NULL),(756,'FME-4963','ONIX BRANCO','M','P','2018-03-14','2018-03-14 10:15:38','2018-03-14 10:15:39',NULL,NULL,NULL,1,NULL,NULL),(757,'FLL-4446','TOYOTA RAV4 PRATA','A','P','2018-03-14','2018-03-14 10:51:34','2018-03-14 11:58:51',6.00,NULL,NULL,1,NULL,NULL),(758,'DSQ-6080','CORSA CINZA','A','P','2018-03-14','2018-03-14 13:10:16','2018-03-14 13:45:08',3.00,NULL,NULL,1,NULL,NULL),(759,'EVJ-1066','SIENA PRETO','M','P','2018-03-14','2018-03-14 16:31:24','2018-03-14 16:31:26',NULL,NULL,NULL,1,NULL,NULL),(760,'DBU-4915','PALIO PRATA','A','P','2018-03-14','2018-03-14 18:17:44','2018-03-14 19:22:47',6.00,NULL,NULL,1,NULL,NULL),(761,'GGU-6629','PRISMA BRANCO','M','P','2018-03-15','2018-03-15 10:07:40','2018-03-15 10:08:01',NULL,NULL,NULL,1,NULL,NULL),(762,'EVJ-1066','SIENA PRETO','M','P','2018-03-15','2018-03-15 10:07:44','2018-03-15 10:08:00',NULL,NULL,NULL,1,NULL,NULL),(763,'GAP-6090','HB20 BRANCO','M','P','2018-03-15','2018-03-15 10:07:48','2018-03-15 10:07:59',NULL,NULL,NULL,1,NULL,NULL),(764,'FME-4963','ONIX BRANCO','M','P','2018-03-15','2018-03-15 10:14:18','2018-03-15 10:14:20',NULL,NULL,NULL,1,NULL,NULL),(765,'CEH-4687','FUSCA BEJE','A','R','2018-03-15','2018-03-15 10:33:09','2018-03-15 10:34:45',NULL,NULL,NULL,1,NULL,NULL),(766,'CEH-4697','FUSCA BEJE','A','P','2018-03-15','2018-03-15 10:35:28','2018-03-15 10:43:31',2.00,NULL,NULL,1,NULL,NULL),(767,'EVG-5283','HILUX PRATA','A','P','2018-03-15','2018-03-15 11:07:31','2018-03-15 12:46:12',6.00,NULL,NULL,1,NULL,NULL),(768,'DHX-0555','FIESTA PRETO','A','P','2018-03-15','2018-03-15 12:26:31','2018-03-15 13:31:38',6.00,NULL,NULL,1,NULL,NULL),(769,'FYS-6335','ONIX PRATA','A','R','2018-03-15','2018-03-15 13:43:44','2018-03-15 13:44:04',NULL,NULL,NULL,1,NULL,NULL),(770,'FGK-2057','IX35 PRATA','A','P','2018-03-15','2018-03-15 18:18:45','2018-03-15 18:28:44',2.00,NULL,NULL,1,NULL,NULL),(771,'EVJ-1066','SIENA PRETO','M','P','2018-03-16','2018-03-16 10:05:53','2018-03-16 10:05:58',NULL,NULL,NULL,1,NULL,NULL),(772,'GAP-6090','HB20 BRANCO','M','P','2018-03-16','2018-03-16 10:09:32','2018-03-16 10:09:33',NULL,NULL,NULL,1,NULL,NULL),(773,'FME-4963','ONIX BRANCO','M','P','2018-03-16','2018-03-16 10:10:50','2018-03-16 10:10:53',NULL,NULL,NULL,1,NULL,NULL),(774,'GGU-6629','PRISMA BRANCO','M','P','2018-03-16','2018-03-16 10:24:10','2018-03-16 10:24:12',NULL,NULL,NULL,1,NULL,NULL),(775,'FKI-8366','SPACE CROSS PRETO','A','P','2018-03-16','2018-03-16 10:38:47','2018-03-16 12:07:13',6.00,NULL,NULL,1,NULL,NULL),(776,'COE-9888','MERCEDES A280 PRETO','A','P','2018-03-16','2018-03-16 12:07:02','2018-03-16 13:35:44',6.00,NULL,NULL,1,NULL,NULL),(777,'HHY-5416','L200','A','P','2018-03-16','2018-03-16 14:18:37','2018-03-16 14:38:54',2.00,NULL,NULL,1,NULL,NULL),(778,'GAP-6090','HB20 BRANCO','M','P','2018-03-19','2018-03-19 10:08:11','2018-03-19 10:12:46',NULL,NULL,NULL,1,NULL,NULL),(779,'ETN-6197','CIVIC VERDE','A','P','2018-03-19','2018-03-19 10:08:29','2018-03-19 10:56:14',3.00,NULL,NULL,1,NULL,NULL),(780,'GGU-6629','PRISMA BRANCO','M','P','2018-03-19','2018-03-19 10:12:41','2018-03-19 10:12:44',NULL,NULL,NULL,1,NULL,NULL),(781,'FME-4963','ONIX BRANCO','M','P','2018-03-19','2018-03-19 10:16:17','2018-03-19 10:16:20',NULL,NULL,NULL,1,NULL,NULL),(782,'FRZ-5745','TOYOTA RAV4 PRATA','A','P','2018-03-19','2018-03-19 10:18:45','2018-03-19 12:45:26',9.00,NULL,NULL,1,NULL,NULL),(783,'FKI-8366','SPACE CROSS PRETO','A','P','2018-03-19','2018-03-19 10:47:53','2018-03-19 11:44:27',3.00,NULL,NULL,1,NULL,NULL),(784,'CIK-2931','PALIO AZUL','A','P','2018-03-19','2018-03-19 11:21:44','2018-03-19 12:13:12',3.00,NULL,NULL,1,NULL,NULL),(785,'GCG-2169','FORD KA BRANCO','A','P','2018-03-19','2018-03-19 12:02:32','2018-03-19 13:53:00',6.00,NULL,NULL,1,NULL,NULL),(786,'FBY-4833','VIRTOS PRATA','A','P','2018-03-19','2018-03-19 12:57:21','2018-03-19 14:17:32',6.00,NULL,NULL,1,NULL,NULL),(787,'GJH-1880','FIAT TORO BRANCO','A','P','2018-03-19','2018-03-19 14:19:43','2018-03-19 15:06:45',3.00,NULL,NULL,1,NULL,NULL),(788,'CEH-4697','FUSCA BEJE','A','P','2018-03-19','2018-03-19 15:50:13','2018-03-19 17:11:22',6.00,NULL,NULL,1,NULL,NULL),(789,'ETY-1196','FOX PRATA','A','P','2018-03-19','2018-03-19 18:13:37','2018-03-19 19:27:11',6.00,NULL,NULL,1,NULL,NULL),(790,'GAP-6090','HB20 BRANCO','M','P','2018-03-20','2018-03-20 10:05:37','2018-03-20 10:05:53',NULL,NULL,NULL,1,NULL,NULL),(791,'EVJ-1066','SIENA PRETO','M','P','2018-03-20','2018-03-20 10:05:50','2018-03-20 10:05:52',NULL,NULL,NULL,1,NULL,NULL),(792,'FME-4963','ONIX BRANCO','M','P','2018-03-20','2018-03-20 10:15:27','2018-03-20 10:15:30',NULL,NULL,NULL,1,NULL,NULL),(793,'GGU-6629','PRISMA BRANCO','M','P','2018-03-20','2018-03-20 10:25:30','2018-03-20 10:25:32',NULL,NULL,NULL,1,NULL,NULL),(794,'FKI-8366','SPACE CROSS PRETO','A','P','2018-03-20','2018-03-20 11:44:08','2018-03-20 13:49:09',9.00,NULL,NULL,1,NULL,NULL),(795,'CZA-7833','MONTANA PRETA','A','P','2018-03-20','2018-03-20 11:49:06','2018-03-20 13:37:58',6.00,NULL,NULL,1,NULL,NULL),(796,'EDA-5168','GOL PRETO','A','P','2018-03-20','2018-03-20 13:21:39','2018-03-20 14:27:28',6.00,NULL,NULL,1,NULL,NULL),(797,'FME-4713','TOYOTA RAV4 PRATA','A','P','2018-03-20','2018-03-20 14:18:56','2018-03-20 15:35:52',6.00,NULL,NULL,1,NULL,NULL),(798,'FME-4713','TOYOTA RAV4 PRATA','A','P','2018-03-20','2018-03-20 15:38:47','2018-03-20 16:15:16',3.00,NULL,NULL,1,NULL,NULL),(799,'GCA-5808','UNOPRATA','A','P','2018-03-20','2018-03-20 21:18:59','2018-03-20 21:41:13',2.00,NULL,NULL,1,NULL,NULL),(800,'GGU-6629','PRISMA BRANCO','M','P','2018-03-21','2018-03-21 10:11:14','2018-03-21 10:11:24',NULL,NULL,NULL,1,NULL,NULL),(801,'GAP-6090','HB20 BRANCO','M','P','2018-03-21','2018-03-21 10:11:19','2018-03-21 10:11:23',NULL,NULL,NULL,1,NULL,NULL),(802,'FME-4963','ONIX BRANCO','M','P','2018-03-21','2018-03-21 10:20:47','2018-03-21 10:20:49',NULL,NULL,NULL,1,NULL,NULL),(803,'EUN-8538','SENTRA CINZA','A','P','2018-03-21','2018-03-21 12:31:03','2018-03-21 12:36:28',2.00,NULL,NULL,1,NULL,NULL),(804,'BKD-1154','MONZA','A','P','2018-03-21','2018-03-21 12:40:54','2018-03-21 15:02:46',9.00,NULL,NULL,1,NULL,NULL),(805,'CIM-8706','SANTANA PRATA','A','P','2018-03-21','2018-03-21 15:42:40','2018-03-21 16:08:11',2.00,NULL,NULL,1,NULL,NULL),(806,'FKI-8366','SPACE CROSS PRETO','A','P','2018-03-21','2018-03-21 16:51:27','2018-03-21 17:33:08',3.00,NULL,NULL,1,NULL,NULL),(807,'EVJ-1066','SIENA PRETO','M','P','2018-03-22','2018-03-22 10:02:53','2018-03-22 10:02:59',NULL,NULL,NULL,1,NULL,NULL),(808,'FME-4963','ONIX BRANCO','M','P','2018-03-22','2018-03-22 10:13:50','2018-03-22 10:14:01',NULL,NULL,NULL,1,NULL,NULL),(809,'GGU-6629','PRISMA BRANCO','M','P','2018-03-22','2018-03-22 10:14:59','2018-03-22 10:15:01',NULL,NULL,NULL,1,NULL,NULL),(810,'GAP-6090','HB20 BRANCO','M','P','2018-03-22','2018-03-22 10:15:55','2018-03-22 10:15:56',NULL,NULL,NULL,1,NULL,NULL),(811,'CZA-7833','MONTANA PRETA','A','P','2018-03-22','2018-03-22 11:12:02','2018-03-22 11:32:54',2.00,NULL,NULL,1,NULL,NULL),(812,'ETY-3306','COROLLA PRATA','A','P','2018-03-22','2018-03-22 11:25:57','2018-03-22 11:35:20',2.00,NULL,NULL,1,NULL,NULL),(813,'GID-2887','FIAT ARGO CINZA','A','P','2018-03-22','2018-03-22 12:39:11','2018-03-22 12:45:20',2.00,NULL,NULL,1,NULL,NULL),(814,'DNQ-1510','MERIVA DOURADA','A','P','2018-03-22','2018-03-22 13:23:10','2018-03-22 13:59:15',3.00,NULL,NULL,1,NULL,NULL),(815,'BKD-1154','MONZA','A','P','2018-03-22','2018-03-22 14:10:06','2018-03-22 14:36:51',2.00,NULL,NULL,1,NULL,NULL),(816,'DFP-6925','GOL CINZA','A','P','2018-03-22','2018-03-22 20:23:06','2018-03-22 22:32:39',9.00,NULL,NULL,1,NULL,NULL),(817,'EVJ-1066','SIENA PRETO','M','P','2018-03-23','2018-03-23 10:02:34','2018-03-23 10:02:36',NULL,NULL,NULL,1,NULL,NULL),(818,'GAP-6090','HB20 BRANCO','M','P','2018-03-23','2018-03-23 10:05:11','2018-03-23 10:05:13',NULL,NULL,NULL,1,NULL,NULL),(819,'GGU-6629','PRISMA BRANCO','M','P','2018-03-23','2018-03-23 10:07:52','2018-03-23 10:07:55',NULL,NULL,NULL,1,NULL,NULL),(820,'FME-4963','ONIX BRANCO','M','P','2018-03-23','2018-03-23 10:17:13','2018-03-23 10:17:16',NULL,NULL,NULL,1,NULL,NULL),(821,'FKI-8366','SPACE CROSS PRETO','A','P','2018-03-23','2018-03-23 10:26:24','2018-03-23 13:39:51',12.00,NULL,NULL,1,NULL,NULL),(822,'FDM-2608','FOCUS PRATA','A','R','2018-03-23','2018-03-23 11:17:50','2018-03-23 11:18:32',NULL,NULL,NULL,1,NULL,NULL),(823,'FUM-2608','FOCUS PRATA','A','R','2018-03-23','2018-03-23 11:18:51','2018-03-23 11:19:25',NULL,NULL,NULL,1,NULL,NULL),(824,'FOM-2608','FOCUS TITANIUM PRATA','A','P','2018-03-23','2018-03-23 11:19:40','2018-03-23 11:38:19',2.00,NULL,NULL,1,NULL,NULL),(825,'GAP-5048','SANTA FÉ PRATA','A','P','2018-03-23','2018-03-23 11:49:00','2018-03-23 12:00:40',2.00,NULL,NULL,1,NULL,NULL),(826,'CWL-3178','PALIO BRANCO','A','P','2018-03-23','2018-03-23 11:57:27','2018-03-23 13:00:41',6.00,NULL,NULL,1,NULL,NULL),(827,'ETY-3641','AGILE PRETO','A','P','2018-03-23','2018-03-23 12:17:45','2018-03-23 12:27:00',2.00,NULL,NULL,1,NULL,NULL),(828,'OMJ-9489','SIENA PRETO','A','P','2018-03-23','2018-03-23 12:26:09','2018-03-23 13:07:29',3.00,NULL,NULL,1,NULL,NULL),(829,'FDC-3800','CRUZE PRATA','A','P','2018-03-23','2018-03-23 12:31:27','2018-03-23 14:30:31',6.00,NULL,NULL,1,NULL,NULL),(830,'BKL-9222','GOL PRETO','A','P','2018-03-23','2018-03-23 19:08:09','2018-03-23 19:57:57',3.00,NULL,NULL,1,NULL,NULL),(831,'FWR-5520','DUSTER PRATA','A','P','2018-03-26','2018-03-26 10:02:41','2018-03-26 10:54:41',3.00,NULL,NULL,1,NULL,NULL),(832,'GAP-6090','HB20 BRANCO','M','P','2018-03-26','2018-03-26 10:07:01','2018-03-26 10:07:04',NULL,NULL,NULL,1,NULL,NULL),(833,'FME-4963','ONIX BRANCO','M','P','2018-03-26','2018-03-26 10:12:30','2018-03-26 10:12:36',NULL,NULL,NULL,1,NULL,NULL),(834,'DTR-2825','GOL CINZA','A','P','2018-03-26','2018-03-26 10:29:01','2018-03-26 12:06:18',6.00,NULL,NULL,1,NULL,NULL),(835,'GGU-6629','PRISMA BRANCO','M','P','2018-03-26','2018-03-26 10:29:08','2018-03-26 10:29:11',NULL,NULL,NULL,1,NULL,NULL),(836,'FME-4840','BM','A','P','2018-03-26','2018-03-26 10:58:55','2018-03-26 11:50:30',3.00,NULL,NULL,1,NULL,NULL),(837,'FKI-8366','SPACE CROSS PRETO','A','P','2018-03-26','2018-03-26 11:00:39','2018-03-26 12:06:37',6.00,NULL,NULL,1,NULL,NULL),(838,'CIK-2931','PALIO AZUL','A','P','2018-03-26','2018-03-26 11:37:47','2018-03-26 12:44:13',6.00,NULL,NULL,1,NULL,NULL),(839,'ENJ-4840','KIA MOHAVE PRETO','A','P','2018-03-26','2018-03-26 16:22:51','2018-03-26 16:53:39',3.00,NULL,NULL,1,NULL,NULL),(840,'EVJ-1066','SIENA PRETO','M','P','2018-03-26','2018-03-26 16:29:20','2018-03-26 16:29:23',NULL,NULL,NULL,1,NULL,NULL),(841,'ETN-6197','CIVIC VERDE','A','P','2018-03-26','2018-03-26 18:32:30','2018-03-26 20:14:58',6.00,NULL,NULL,1,NULL,NULL),(842,'EVJ-1066','SIENA PRETO','M','P','2018-03-27','2018-03-27 10:09:29','2018-03-27 10:09:36',NULL,NULL,NULL,1,NULL,NULL),(843,'GGU-6629','PRISMA BRANCO','M','P','2018-03-27','2018-03-27 10:09:32','2018-03-27 10:09:36',NULL,NULL,NULL,1,NULL,NULL),(844,'FME-4963','ONIX BRANCO','M','P','2018-03-27','2018-03-27 10:21:55','2018-03-27 10:21:58',NULL,NULL,NULL,1,NULL,NULL),(845,'DXW-3406','COROLLA PRETO','A','P','2018-03-27','2018-03-27 11:39:40','2018-03-27 11:52:49',2.00,NULL,NULL,1,NULL,NULL),(846,'ENX-0489','UNO BRANCO','A','P','2018-03-27','2018-03-27 11:54:53','2018-03-27 12:48:19',3.00,NULL,NULL,1,NULL,NULL),(847,'END-2149','FORD KA PRETO','A','P','2018-03-27','2018-03-27 12:49:49','2018-03-27 13:03:15',2.00,NULL,NULL,1,NULL,NULL),(848,'FMK-9865','HB20 PRETO','A','P','2018-03-27','2018-03-27 13:19:47','2018-03-27 15:33:28',9.00,NULL,NULL,1,NULL,NULL),(849,'FQA-5545','HONDA CITY PRATA','A','P','2018-03-27','2018-03-27 17:02:11','2018-03-27 20:36:31',12.00,NULL,NULL,1,NULL,NULL),(850,'FZP-0580','ONIX PRETO','A','P','2018-03-27','2018-03-27 18:47:36','2018-03-27 20:31:42',6.00,NULL,NULL,1,NULL,NULL),(851,'FME-4963','ONIX BRANCO','M','P','2018-03-28','2018-03-28 10:14:57','2018-03-28 10:15:06',NULL,NULL,NULL,1,NULL,NULL),(852,'GAP-6090','HB20 BRANCO','M','P','2018-03-28','2018-03-28 10:15:01','2018-03-28 10:15:07',NULL,NULL,NULL,1,NULL,NULL),(853,'GGU-6629','PRISMA BRANCO','M','P','2018-03-28','2018-03-28 10:27:43','2018-03-28 10:27:45',NULL,NULL,NULL,1,NULL,NULL),(854,'CFZ-1919','KICKS BRANCO','A','P','2018-03-28','2018-03-28 12:13:37','2018-03-28 13:40:00',6.00,NULL,NULL,1,NULL,NULL),(855,'FUX-8526','ETIOS PRATA','A','P','2018-03-28','2018-03-28 12:19:00','2018-03-28 13:29:31',6.00,NULL,NULL,1,NULL,NULL),(856,'EVJ-1066','SIENA PRETO','M','P','2018-03-28','2018-03-28 16:31:05','2018-03-28 16:31:07',NULL,NULL,NULL,1,NULL,NULL),(857,'EVJ-1066','SIENA PRETO','M','P','2018-03-29','2018-03-29 10:10:33','2018-03-29 10:10:50',NULL,NULL,NULL,1,NULL,NULL),(858,'GAP-6090','HB20 BRANCO','M','P','2018-03-29','2018-03-29 10:10:38','2018-03-29 10:10:52',NULL,NULL,NULL,1,NULL,NULL),(859,'GGU-6629','PRISMA BRANCO','M','P','2018-03-29','2018-03-29 10:10:44','2018-03-29 10:10:53',NULL,NULL,NULL,1,NULL,NULL),(860,'FME-4963','ONIX BRANCO','M','P','2018-03-29','2018-03-29 10:10:47','2018-03-29 10:10:54',NULL,NULL,NULL,1,NULL,NULL),(861,'GKB-4388','FUSION PRATA','A','P','2018-03-29','2018-03-29 12:09:08','2018-03-29 12:19:28',2.00,NULL,NULL,1,NULL,NULL),(862,'ETY-4674','MONTANA PRATA','A','P','2018-03-29','2018-03-29 18:05:13','2018-03-29 19:07:25',6.00,NULL,NULL,1,NULL,NULL),(863,'GAP-6090','HB20 BRANCO','M','P','2018-04-02','2018-04-02 10:11:45','2018-04-02 10:11:47',NULL,NULL,NULL,1,NULL,NULL),(864,'FKI-8366','SPACE CROSS PRETO','A','P','2018-04-02','2018-04-02 10:29:27','2018-04-02 12:07:23',NULL,NULL,NULL,1,NULL,NULL),(865,'EPS-3164','PALIO CHUMBO','A','P','2018-04-02','2018-04-02 12:42:44','2018-04-02 13:55:28',6.00,NULL,NULL,1,NULL,NULL),(866,'FOE-0229','ONIX PRATA','A','P','2018-04-02','2018-04-02 13:40:48','2018-04-02 15:59:01',9.00,NULL,NULL,1,NULL,NULL),(867,'GGU-6629','PRISMA BRANCO','M','P','2018-04-02','2018-04-02 17:46:45','2018-04-02 17:46:47',NULL,NULL,NULL,1,NULL,NULL),(868,'DNQ-1331','MONTANA PRETO','A','P','2018-04-02','2018-04-02 19:40:23','2018-04-02 20:02:12',2.00,NULL,NULL,1,NULL,NULL),(869,'FME-4840','BM','A','P','2018-04-03','2018-04-03 10:07:33','2018-04-03 15:12:46',18.00,NULL,NULL,1,NULL,NULL),(870,'GAP-6090','HB20 BRANCO','M','P','2018-04-03','2018-04-03 10:11:05','2018-04-03 10:11:08',NULL,NULL,NULL,1,NULL,NULL),(871,'EVJ-1066','SIENA PRETO','M','P','2018-04-03','2018-04-03 10:50:31','2018-04-03 10:50:33',NULL,NULL,NULL,1,NULL,NULL),(872,'EDA-5168','GOL PRETO','A','P','2018-04-03','2018-04-03 12:17:30','2018-04-03 13:24:25',6.00,NULL,NULL,1,NULL,NULL),(873,'DSL-3440','SAVEIRO ','A','P','2018-04-03','2018-04-03 12:39:40','2018-04-03 14:47:42',9.00,NULL,NULL,1,NULL,NULL),(874,'BOQ-9340','GOL CINZA','A','P','2018-04-03','2018-04-03 12:41:11','2018-04-03 13:23:43',3.00,NULL,NULL,1,NULL,NULL),(875,'EZL-0948','FIORINO BRANCO','A','P','2018-04-03','2018-04-03 13:28:01','2018-04-03 15:40:26',9.00,NULL,NULL,1,NULL,NULL),(876,'BAP-2435','VERSA PRETO','A','P','2018-04-03','2018-04-03 17:11:20','2018-04-03 18:07:32',3.00,NULL,NULL,1,NULL,NULL),(877,'GAP-6090','HB20 BRANCO','M','P','2018-04-04','2018-04-04 10:08:58','2018-04-04 10:09:00',NULL,NULL,NULL,1,NULL,NULL),(878,'GGA-7930','CRUZE BRANCO','A','P','2018-04-04','2018-04-04 10:56:13','2018-04-04 11:21:03',2.00,NULL,NULL,1,NULL,NULL),(879,'FTP-0664','S10 CINZA','A','P','2018-04-04','2018-04-04 12:49:03','2018-04-04 13:19:03',2.00,NULL,NULL,1,NULL,NULL),(880,'EVJ-1066','SIENA PRETO','M','P','2018-04-04','2018-04-04 16:33:04','2018-04-04 16:33:06',NULL,NULL,NULL,1,NULL,NULL),(881,'GGU-6629','PRISMA BRANCO','M','P','2018-04-04','2018-04-04 16:44:11','2018-04-04 16:44:12',NULL,NULL,NULL,1,NULL,NULL),(882,'BXB-5553','CRETA','A','P','2018-04-04','2018-04-04 17:49:31','2018-04-04 17:59:20',2.00,NULL,NULL,1,NULL,NULL),(883,'ENX-0489','UNO BRANCO','A','P','2018-04-04','2018-04-04 18:42:55','2018-04-04 18:48:59',2.00,NULL,NULL,1,NULL,NULL),(884,'FTP-0664','S10 CINZA','A','P','2018-04-04','2018-04-04 19:00:07','2018-04-04 20:45:20',6.00,NULL,NULL,1,NULL,NULL),(885,'AAQ-5394','GOL PRATA','A','P','2018-04-04','2018-04-04 21:10:50','2018-04-04 22:13:05',6.00,NULL,NULL,1,NULL,NULL),(886,'FME-4840','BM','A','P','2018-04-05','2018-04-05 10:05:52','2018-04-05 13:50:33',12.00,NULL,NULL,1,NULL,NULL),(887,'EVJ-1066','SIENA PRETO','M','P','2018-04-05','2018-04-05 10:12:42','2018-04-05 10:13:02',NULL,NULL,NULL,1,NULL,NULL),(888,'GAP-6090','HB20 BRANCO','M','P','2018-04-05','2018-04-05 10:12:46','2018-04-05 10:13:04',NULL,NULL,NULL,1,NULL,NULL),(889,'FME-4963','ONIX BRANCO','M','P','2018-04-05','2018-04-05 10:12:53','2018-04-05 10:13:05',NULL,NULL,NULL,1,NULL,NULL),(890,'FKI-9843','ECOSPORT BRANCO','A','P','2018-04-05','2018-04-05 11:05:57','2018-04-05 12:51:26',6.00,NULL,NULL,1,NULL,NULL),(891,'FEX-9973','CITROEN C3 PRETO','A','P','2018-04-05','2018-04-05 11:28:45','2018-04-05 12:24:56',3.00,NULL,NULL,1,NULL,NULL),(892,'GDD-4337','JEEP RENEGADE BRANCO','A','P','2018-04-05','2018-04-05 11:34:22','2018-04-05 11:50:51',2.00,NULL,NULL,1,NULL,NULL),(893,'ETY-1343','VOYAGE VERMELHO','A','P','2018-04-05','2018-04-05 12:38:09','2018-04-05 13:55:04',6.00,NULL,NULL,1,NULL,NULL),(894,'BKD-5205','FUSCA BRANCO','A','R','2018-04-05','2018-04-05 13:04:03','2018-04-05 13:06:56',NULL,NULL,NULL,1,NULL,NULL),(895,'DYM-6629','CLIO CHUMBO','A','P','2018-04-05','2018-04-05 13:09:51','2018-04-05 13:30:37',2.00,NULL,NULL,1,NULL,NULL),(896,'PUC-7052','POLO PRETO','A','R','2018-04-05','2018-04-05 13:41:32','2018-04-05 13:42:44',NULL,NULL,NULL,1,NULL,NULL),(897,'EFT-5677','HONDA PRETO','A','P','2018-04-05','2018-04-05 17:54:38','2018-04-05 18:01:09',2.00,NULL,NULL,1,NULL,NULL),(898,'BKD-5205','FUSCA BRANCO','A','P','2018-04-06','2018-04-06 10:13:12','2018-04-06 10:26:08',2.00,NULL,NULL,1,NULL,NULL),(899,'FKI-8366','SPACE CROSS PRETO','A','P','2018-04-06','2018-04-06 10:28:49','2018-04-06 11:39:59',6.00,NULL,NULL,1,NULL,NULL),(900,'DBC-0420','HILLUX','A','P','2018-04-06','2018-04-06 11:09:37','2018-04-06 13:23:58',9.00,NULL,NULL,1,NULL,NULL),(901,'FSU-9060','HB20','A','P','2018-04-06','2018-04-06 12:40:15','2018-04-06 17:15:52',15.00,NULL,NULL,1,NULL,NULL),(902,'BKD-5205','FUSCA BRANCO','A','P','2018-04-06','2018-04-06 14:14:09','2018-04-06 14:57:05',3.00,NULL,NULL,1,NULL,NULL),(903,'FLH-4915','COLBAT CINZA','A','P','2018-04-06','2018-04-06 14:35:44','2018-04-06 15:25:16',3.00,NULL,NULL,1,NULL,NULL),(904,'GAP-6090','HB20 BRANCO','M','P','2018-04-09','2018-04-09 10:06:21','2018-04-09 10:06:23',NULL,NULL,NULL,1,NULL,NULL),(905,'FME-4963','ONIX BRANCO','M','P','2018-04-09','2018-04-09 10:11:06','2018-04-09 10:11:08',NULL,NULL,NULL,1,NULL,NULL),(906,'FKI-8366','SPACE CROSS PRETO','A','P','2018-04-09','2018-04-09 10:57:04','2018-04-09 12:06:48',6.00,NULL,NULL,1,NULL,NULL),(907,'GJK-5667','S10 PRATA','A','P','2018-04-09','2018-04-09 12:08:16','2018-04-09 13:16:57',6.00,NULL,NULL,1,NULL,NULL),(908,'CEH-4697','FUSCA BEJE','A','R','2018-04-09','2018-04-09 12:29:35','2018-04-09 12:34:13',NULL,NULL,NULL,1,NULL,NULL),(909,'DVM-6629','CLIO CINZA ','A','P','2018-04-09','2018-04-09 13:03:29','2018-04-09 13:17:41',2.00,NULL,NULL,1,NULL,NULL),(910,'EVJ-1066','SIENA PRETO','M','P','2018-04-09','2018-04-09 16:29:43','2018-04-09 16:29:47',NULL,NULL,NULL,1,NULL,NULL),(911,'DVM-6629','CLIO CINZA ','A','P','2018-04-09','2018-04-09 17:10:15','2018-04-09 20:01:20',9.00,NULL,NULL,1,NULL,NULL),(912,'DKW-7215','FOX PRATA','A','P','2018-04-09','2018-04-09 18:25:53','2018-04-09 18:56:11',3.00,NULL,NULL,1,NULL,NULL),(913,'FME-4840','BM','A','P','2018-04-10','2018-04-10 10:06:48','2018-04-10 14:39:41',15.00,NULL,NULL,1,NULL,NULL),(914,'ELZ-6887','C3 PRATA','A','R','2018-04-10','2018-04-10 10:07:18','2018-04-10 10:09:43',NULL,NULL,NULL,1,NULL,NULL),(915,'ELZ-6887','C3 PRATA','A','R','2018-04-10','2018-04-10 10:18:24','2018-04-10 10:18:38',NULL,NULL,NULL,1,NULL,NULL),(916,'GBQ-5574','CIVIC CHUMBO','A','P','2018-04-10','2018-04-10 11:39:32','2018-04-10 11:52:40',2.00,NULL,NULL,1,NULL,NULL),(917,'ETY-3802','MEGANE CINZA','A','P','2018-04-10','2018-04-10 11:48:42','2018-04-10 12:54:28',6.00,NULL,NULL,1,NULL,NULL),(918,'GFU-7675','HILUX PRETA','A','P','2018-04-10','2018-04-10 11:56:34','2018-04-10 12:37:44',3.00,NULL,NULL,1,NULL,NULL),(919,'CLO-4829','PALIO PRATA','A','P','2018-04-10','2018-04-10 12:21:02','2018-04-10 14:04:27',6.00,NULL,NULL,1,NULL,NULL),(920,'EVJ-1066','SIENA PRETO','M','P','2018-04-10','2018-04-10 12:21:08','2018-04-10 12:21:10',NULL,NULL,NULL,1,NULL,NULL),(921,'ETY-4312','FIAT PUNTO PRATA','A','P','2018-04-10','2018-04-10 12:28:53','2018-04-10 14:41:47',9.00,NULL,NULL,1,NULL,NULL),(922,'GAP-6090','HB20 BRANCO','M','P','2018-04-10','2018-04-10 12:33:43','2018-04-10 12:33:48',NULL,NULL,NULL,1,NULL,NULL),(923,'GGU-6629','PRISMA BRANCO','M','P','2018-04-10','2018-04-10 12:39:01','2018-04-10 12:39:03',NULL,NULL,NULL,1,NULL,NULL),(924,'GCC-7699','PRISMA PRATA','A','P','2018-04-10','2018-04-10 12:40:17','2018-04-10 13:11:04',3.00,NULL,NULL,1,NULL,NULL),(925,'CFZ-1919','KICKS BRANCO','A','P','2018-04-10','2018-04-10 12:46:09','2018-04-10 13:32:44',3.00,NULL,NULL,1,NULL,NULL),(926,'FXF-6777','CRETTA PRATA','A','P','2018-04-10','2018-04-10 13:17:39','2018-04-10 14:00:35',3.00,NULL,NULL,1,NULL,NULL),(927,'GAP-6090','HB20 BRANCO','M','P','2018-04-11','2018-04-11 10:12:02','2018-04-11 10:12:04',NULL,NULL,NULL,1,NULL,NULL),(928,'GGU-6629','PRISMA BRANCO','M','P','2018-04-11','2018-04-11 10:21:35','2018-04-11 10:21:39',NULL,NULL,NULL,1,NULL,NULL),(929,'FRZ-5745','TOYOTA RAV4 PRATA','A','P','2018-04-11','2018-04-11 10:35:38','2018-04-11 10:47:10',2.00,NULL,NULL,1,NULL,NULL),(930,'EHX-3754','FIORINO BRANCO','A','P','2018-04-11','2018-04-11 12:41:58','2018-04-11 13:38:30',3.00,NULL,NULL,1,NULL,NULL),(931,'EVJ-1066','SIENA PRETO','M','P','2018-04-11','2018-04-11 16:29:38','2018-04-11 16:29:40',NULL,NULL,NULL,1,NULL,NULL),(932,'CWJ-4448','GOL VERDE','A','P','2018-04-11','2018-04-11 18:57:02','2018-04-11 20:48:41',6.00,NULL,NULL,1,NULL,NULL),(933,'FIG-3818','TORO PRATA','A','P','2018-04-11','2018-04-11 19:46:34','2018-04-11 20:30:29',3.00,NULL,NULL,1,NULL,NULL),(934,'EVJ-1066','SIENA PRETO','M','P','2018-04-12','2018-04-12 10:16:15','2018-04-12 10:16:46',NULL,NULL,NULL,1,NULL,NULL),(935,'GAP-6090','HB20 BRANCO','M','P','2018-04-12','2018-04-12 10:16:18','2018-04-12 10:16:47',NULL,NULL,NULL,1,NULL,NULL),(936,'FME-4840','BM','A','P','2018-04-12','2018-04-12 10:16:35','2018-04-12 10:49:37',3.00,NULL,NULL,1,NULL,NULL),(937,'FME-4963','ONIX BRANCO','M','P','2018-04-12','2018-04-12 10:16:41','2018-04-12 10:16:44',NULL,NULL,NULL,1,NULL,NULL),(938,'GGU-6629','PRISMA BRANCO','M','P','2018-04-12','2018-04-12 10:29:29','2018-04-12 10:29:32',NULL,NULL,NULL,1,NULL,NULL),(939,'FGH-6385','IX35 PRATA','A','P','2018-04-12','2018-04-12 19:41:16','2018-04-12 20:06:55',2.00,NULL,NULL,1,NULL,NULL),(940,'EVJ-1066','SIENA PRETO','M','P','2018-04-13','2018-04-13 10:08:13','2018-04-13 10:08:15',NULL,NULL,NULL,1,NULL,NULL),(941,'FME-4963','ONIX BRANCO','M','P','2018-04-13','2018-04-13 10:16:07','2018-04-13 10:16:09',NULL,NULL,NULL,1,NULL,NULL),(942,'GGU-6629','PRISMA BRANCO','M','P','2018-04-13','2018-04-13 10:17:08','2018-04-13 10:17:10',NULL,NULL,NULL,1,NULL,NULL),(943,'GAP-6090','HB20 BRANCO','M','P','2018-04-13','2018-04-13 10:59:39','2018-04-13 10:59:41',NULL,NULL,NULL,1,NULL,NULL),(944,'FGD-5225','ONIX PRATA','A','P','2018-04-13','2018-04-13 11:45:44','2018-04-13 13:33:12',6.00,NULL,NULL,1,NULL,NULL),(945,'FUO-1980','SIENA BRANCO','A','P','2018-04-13','2018-04-13 11:50:21','2018-04-13 12:57:24',6.00,NULL,NULL,1,NULL,NULL),(946,'GIF-0809','SANDERO BRANCO','A','P','2018-04-13','2018-04-13 12:24:37','2018-04-13 13:24:25',3.00,NULL,NULL,1,NULL,NULL),(947,'FVK-3396','UNO CHUMBO','A','P','2018-04-13','2018-04-13 16:56:16','2018-04-13 18:23:44',6.00,NULL,NULL,1,NULL,NULL),(948,'FGK-1501','CRUZE BRANCO','A','P','2018-04-13','2018-04-13 17:28:49','2018-04-13 18:53:31',6.00,NULL,NULL,1,NULL,NULL),(949,'FTG-3020','COROLLA PRETO','A','P','2018-04-13','2018-04-13 17:33:26','2018-04-13 18:33:40',3.00,NULL,NULL,1,NULL,NULL),(950,'FIX-0328','FORD KA BRANCO','A','P','2018-04-13','2018-04-13 17:57:19','2018-04-13 18:19:53',2.00,NULL,NULL,1,NULL,NULL),(951,'ALH-5920','CORSA PRATA','A','R','2018-04-13','2018-04-13 17:59:50','2018-04-13 18:03:31',NULL,NULL,NULL,1,NULL,NULL),(952,'CBQ-2912','JETA BRANCO','A','P','2018-04-13','2018-04-13 19:10:01','2018-04-13 19:50:46',3.00,NULL,NULL,1,NULL,NULL),(953,'GAP-6090','HB20 BRANCO','M','P','2018-04-16','2018-04-16 10:11:02','2018-04-16 10:11:04',NULL,NULL,NULL,1,NULL,NULL),(954,'FME-4963','ONIX BRANCO','M','P','2018-04-16','2018-04-16 10:17:44','2018-04-16 10:17:46',NULL,NULL,NULL,1,NULL,NULL),(955,'FKI-8366','SPACE CROSS PRETO','A','P','2018-04-16','2018-04-16 10:36:26','2018-04-16 11:44:12',6.00,NULL,NULL,1,NULL,NULL),(956,'DOR-3428','MERCEDES A 190 PRATA','A','P','2018-04-16','2018-04-16 16:51:00','2018-04-16 17:27:02',3.00,NULL,NULL,1,NULL,NULL),(957,'EPS-6811','TUCSON PRETA','A','P','2018-04-16','2018-04-16 17:49:44','2018-04-16 18:30:01',3.00,NULL,NULL,1,NULL,NULL),(958,'EVJ-0072','S10 VERDE','A','P','2018-04-16','2018-04-16 17:54:03','2018-04-16 18:49:55',3.00,NULL,NULL,1,NULL,NULL),(959,'GEE-1188','KA PRETO','A','P','2018-04-16','2018-04-16 19:37:06','2018-04-16 21:17:15',6.00,NULL,NULL,1,NULL,NULL),(960,'EVJ-1066','SIENA PRETO','M','P','2018-04-17','2018-04-17 10:08:06','2018-04-17 10:08:19',NULL,NULL,NULL,1,NULL,NULL),(961,'FME-4963','ONIX BRANCO','M','P','2018-04-17','2018-04-17 10:08:10','2018-04-17 10:08:21',NULL,NULL,NULL,1,NULL,NULL),(962,'GAP-6090','HB20 BRANCO','M','P','2018-04-17','2018-04-17 10:08:13','2018-04-17 10:08:22',NULL,NULL,NULL,1,NULL,NULL),(963,'ETY-3893','GOL BRANCO','A','P','2018-04-17','2018-04-17 10:32:37','2018-04-17 10:50:03',2.00,NULL,NULL,1,NULL,NULL),(964,'GFU-7675','HILUX PRETA','A','P','2018-04-17','2018-04-17 10:59:03','2018-04-17 11:43:09',3.00,NULL,NULL,1,NULL,NULL),(965,'BRQ-9090','PALIO BRANCO','A','P','2018-04-17','2018-04-17 11:10:18','2018-04-17 12:04:11',3.00,NULL,NULL,1,NULL,NULL),(966,'FER-8966','ECOSPORT BRANCO','A','P','2018-04-17','2018-04-17 12:08:42','2018-04-17 13:47:17',6.00,NULL,NULL,1,NULL,NULL),(967,'GKB-4388','FUSION PRATA','A','P','2018-04-17','2018-04-17 12:27:31','2018-04-17 12:34:38',2.00,NULL,NULL,1,NULL,NULL),(968,'CFZ-1919','KICKS BRANCO','A','P','2018-04-17','2018-04-17 12:29:58','2018-04-17 13:40:48',6.00,NULL,NULL,1,NULL,NULL),(969,'FJR-7527','SPACEFOX BRANCO','A','P','2018-04-17','2018-04-17 13:33:59','2018-04-17 14:58:28',6.00,NULL,NULL,1,NULL,NULL),(970,'BLY-9704','BELINA CINZA','A','P','2018-04-17','2018-04-17 13:38:48','2018-04-17 15:40:35',9.00,NULL,NULL,1,NULL,NULL),(971,'FME-4963','ONIX BRANCO','M','P','2018-04-18','2018-04-18 12:09:10','2018-04-18 12:09:21',NULL,NULL,NULL,1,NULL,NULL),(972,'GAP-6090','HB20 BRANCO','M','P','2018-04-18','2018-04-18 12:09:15','2018-04-18 12:09:22',NULL,NULL,NULL,1,NULL,NULL),(973,'GGU-6629','PRISMA BRANCO','M','P','2018-04-18','2018-04-18 12:09:18','2018-04-18 12:09:23',NULL,NULL,NULL,1,NULL,NULL),(974,'ETY-4460','MEGAME CINZA','A','P','2018-04-18','2018-04-18 12:12:12','2018-04-18 13:55:12',6.00,NULL,NULL,1,NULL,NULL),(975,'ETY-4230','SANDERO VERMELHO','A','R','2018-04-18','2018-04-18 14:40:52','2018-04-18 14:41:23',NULL,NULL,NULL,1,NULL,NULL),(976,'FPY-4070','SAVEIRO BRANCO','A','P','2018-04-18','2018-04-18 19:01:52','2018-04-18 19:28:26',2.00,NULL,NULL,1,NULL,NULL),(977,'GAP-6090','HB20 BRANCO','M','P','2018-04-19','2018-04-19 10:08:28','2018-04-19 10:08:49',NULL,NULL,NULL,1,NULL,NULL),(978,'EVJ-1066','SIENA PRETO','M','P','2018-04-19','2018-04-19 10:08:40','2018-04-19 10:08:50',NULL,NULL,NULL,1,NULL,NULL),(979,'FME-4963','ONIX BRANCO','M','P','2018-04-19','2018-04-19 10:08:44','2018-04-19 10:08:51',NULL,NULL,NULL,1,NULL,NULL),(980,'FTP-7730','GOL BRANCO','A','P','2018-04-19','2018-04-19 10:10:28','2018-04-19 16:28:11',21.00,NULL,NULL,1,NULL,NULL),(981,'GGU-6629','PRISMA BRANCO','M','P','2018-04-19','2018-04-19 10:34:42','2018-04-19 10:34:44',NULL,NULL,NULL,1,NULL,NULL),(982,'MGU-1466','UNO PRATA','A','P','2018-04-19','2018-04-19 18:39:55','2018-04-19 20:16:00',6.00,NULL,NULL,1,NULL,NULL),(983,'GAP-6090','HB20 BRANCO','M','P','2018-04-20','2018-04-20 10:11:56','2018-04-20 10:12:08',NULL,NULL,NULL,1,NULL,NULL),(984,'EVJ-1066','SIENA PRETO','M','P','2018-04-20','2018-04-20 10:12:00','2018-04-20 10:12:08',NULL,NULL,NULL,1,NULL,NULL),(985,'FME-4963','ONIX BRANCO','M','P','2018-04-20','2018-04-20 10:12:04','2018-04-20 10:12:09',NULL,NULL,NULL,1,NULL,NULL),(986,'EGT-4237','SANDERO PRETO','A','P','2018-04-20','2018-04-20 10:47:53','2018-04-20 13:25:15',9.00,NULL,NULL,1,NULL,NULL),(987,'FKI-8366','SPACE CROSS PRETO','A','P','2018-04-20','2018-04-20 12:10:17','2018-04-20 12:17:08',2.00,NULL,NULL,1,NULL,NULL),(988,'FHT-4324','UNO PRETO','A','P','2018-04-20','2018-04-20 18:49:56','2018-04-20 19:26:50',3.00,NULL,NULL,1,NULL,NULL),(989,'GAP-6090','HB20 BRANCO','M','P','2018-04-23','2018-04-23 10:28:23','2018-04-23 10:28:28',NULL,NULL,NULL,1,NULL,NULL),(990,'FME-4963','ONIX BRANCO','M','P','2018-04-23','2018-04-23 10:28:26','2018-04-23 10:28:29',NULL,NULL,NULL,1,NULL,NULL),(991,'GJK-5667','S10 PRATA','A','P','2018-04-23','2018-04-23 12:08:36','2018-04-23 13:23:39',6.00,NULL,NULL,1,NULL,NULL),(992,'FKI-8366','SPACE CROSS PRETO','A','P','2018-04-23','2018-04-23 12:43:36','2018-04-23 13:28:38',3.00,NULL,NULL,1,NULL,NULL),(993,'FJX-0356','S10 PRATA','A','P','2018-04-23','2018-04-23 12:48:31','2018-04-23 13:18:14',2.00,NULL,NULL,1,NULL,NULL),(994,'EER-0608','FRONTIER PRATA','A','P','2018-04-23','2018-04-23 12:53:09','2018-04-23 14:15:01',6.00,NULL,NULL,1,NULL,NULL),(995,'FKI-8366','SPACE CROSS PRETO','A','P','2018-04-23','2018-04-23 15:37:18','2018-04-23 16:40:09',6.00,NULL,NULL,1,NULL,NULL),(996,'FLH-4921','VOYAGE PRATA','A','P','2018-04-23','2018-04-23 20:00:05','2018-04-23 22:10:20',9.00,NULL,NULL,1,NULL,NULL),(997,'GFF-3773','TORO','A','P','2018-04-23','2018-04-23 20:03:51','2018-04-23 20:39:06',3.00,NULL,NULL,1,NULL,NULL),(998,'DXR-5578','STRADA','A','P','2018-04-23','2018-04-23 21:26:17','2018-04-23 22:23:48',3.00,NULL,NULL,1,NULL,NULL),(999,'GAP-6090','HB20 BRANCO','M','P','2018-04-24','2018-04-24 10:04:30','2018-04-24 10:04:41',NULL,NULL,NULL,1,NULL,NULL),(1000,'EVJ-1066','SIENA PRETO','M','P','2018-04-24','2018-04-24 10:04:34','2018-04-24 10:04:41',NULL,NULL,NULL,1,NULL,NULL),(1001,'FME-4963','ONIX BRANCO','M','P','2018-04-24','2018-04-24 10:14:34','2018-04-24 10:14:39',NULL,NULL,NULL,1,NULL,NULL),(1002,'GGU-6629','PRISMA BRANCO','M','P','2018-04-24','2018-04-24 10:27:29','2018-04-24 10:27:31',NULL,NULL,NULL,1,NULL,NULL),(1003,'EYZ-7478','HONDA PRATA','A','P','2018-04-24','2018-04-24 10:57:13','2018-04-24 11:14:08',2.00,NULL,NULL,1,NULL,NULL),(1004,'FME-4963','ONIX BRANCO','M','P','2018-04-25','2018-04-25 10:10:20','2018-04-25 10:10:21',NULL,NULL,NULL,1,NULL,NULL),(1005,'EVJ-1066','SIENA PRETO','M','P','2018-04-25','2018-04-25 11:50:30','2018-04-25 11:50:31',NULL,NULL,NULL,1,NULL,NULL),(1006,'DNQ-1081','FOX PRATA','A','P','2018-04-25','2018-04-25 18:05:38','2018-04-25 20:55:34',9.00,NULL,NULL,1,NULL,NULL),(1007,'DFT-6556','AUDI PRETO','A','P','2018-04-25','2018-04-25 18:53:48','2018-04-25 19:12:27',2.00,NULL,NULL,1,NULL,NULL),(1008,'EVJ-1066','SIENA PRETO','M','P','2018-04-26','2018-04-26 10:08:35','2018-04-26 10:08:37',NULL,NULL,NULL,1,NULL,NULL),(1009,'GAP-6090','HB20 BRANCO','M','P','2018-04-26','2018-04-26 10:11:59','2018-04-26 10:12:06',NULL,NULL,NULL,1,NULL,NULL),(1010,'FME-4963','ONIX BRANCO','M','P','2018-04-26','2018-04-26 10:12:05','2018-04-26 10:12:07',NULL,NULL,NULL,1,NULL,NULL),(1011,'GGU-6629','PRISMA BRANCO','M','P','2018-04-26','2018-04-26 10:20:26','2018-04-26 10:20:27',NULL,NULL,NULL,1,NULL,NULL),(1012,'ETN-6197','CIVIC VERDE','A','P','2018-04-26','2018-04-26 11:57:57','2018-04-26 12:22:52',2.00,NULL,NULL,1,NULL,NULL),(1013,'EAI-1234','SUZUKI VITARA ','A','R','2018-04-26','2018-04-26 13:21:21','2018-04-26 13:25:58',NULL,NULL,NULL,1,NULL,NULL),(1014,'GCV-8525','VOYAGE PRATA','A','P','2018-04-26','2018-04-26 13:44:11','2018-04-26 15:30:36',6.00,NULL,NULL,1,NULL,NULL),(1015,'GFF-3773','TORO','A','P','2018-04-26','2018-04-26 17:06:38','2018-04-26 18:47:47',6.00,NULL,NULL,1,NULL,NULL),(1016,'EDA-2430','CIVIC CHUMBO','A','P','2018-04-26','2018-04-26 18:12:16','2018-04-26 19:21:22',6.00,NULL,NULL,1,NULL,NULL),(1017,'EVJ-1066','SIENA PRETO','M','P','2018-04-27','2018-04-27 10:08:10','2018-04-27 10:08:17',NULL,NULL,NULL,1,NULL,NULL),(1018,'GAP-6090','HB20 BRANCO','M','P','2018-04-27','2018-04-27 10:08:14','2018-04-27 10:08:18',NULL,NULL,NULL,1,NULL,NULL),(1019,'GFF-3773','TORO','A','P','2018-04-27','2018-04-27 10:25:20','2018-04-27 13:36:25',12.00,NULL,NULL,1,NULL,NULL),(1020,'GAP-6090','HB20 BRANCO','M','P','2018-04-30','2018-04-30 10:10:00','2018-04-30 10:10:01',NULL,NULL,NULL,1,NULL,NULL),(1021,'ETN-6197','CIVIC VERDE','A','P','2018-04-30','2018-04-30 10:36:44','2018-04-30 11:06:03',2.00,NULL,NULL,1,NULL,NULL),(1022,'EER-5698','ASTRA PRATA','A','P','2018-04-30','2018-04-30 11:11:14','2018-04-30 12:54:49',6.00,NULL,NULL,1,NULL,NULL),(1023,'FME-4963','ONIX BRANCO','M','P','2018-04-30','2018-04-30 11:39:38','2018-04-30 11:39:43',NULL,NULL,NULL,1,NULL,NULL),(1024,'GIX-5426','KIA CINZA','A','P','2018-04-30','2018-04-30 15:03:58','2018-04-30 15:35:49',3.00,NULL,NULL,1,NULL,NULL),(1025,'EVJ-1066','SIENA PRETO','M','P','2018-04-30','2018-04-30 16:25:43','2018-04-30 16:25:45',NULL,NULL,NULL,1,NULL,NULL),(1026,'GGU-6629','PRISMA BRANCO','M','P','2018-05-02','2018-05-02 10:08:28','2018-05-02 10:08:42',NULL,NULL,NULL,1,NULL,NULL),(1027,'FME-4963','ONIX BRANCO','M','P','2018-05-02','2018-05-02 10:08:34','2018-05-02 10:08:42',NULL,NULL,NULL,1,NULL,NULL),(1028,'GAP-6090','HB20 BRANCO','M','P','2018-05-02','2018-05-02 10:08:38','2018-05-02 10:08:43',NULL,NULL,NULL,1,NULL,NULL),(1029,'ABP-4484','AMAROK CHUMBO','A','P','2018-05-02','2018-05-02 11:12:25','2018-05-02 12:07:43',3.00,NULL,NULL,1,NULL,NULL),(1030,'DRG-3025','PEUGEUT PRATA','A','P','2018-05-02','2018-05-02 11:13:45','2018-05-02 11:41:30',2.00,NULL,NULL,1,NULL,NULL),(1031,'FTZ-5897','COBALT PRATA','A','R','2018-05-02','2018-05-02 12:12:14','2018-05-02 12:16:50',NULL,NULL,NULL,1,NULL,NULL),(1032,'FSM-0672','COROLLA PRATA','A','P','2018-05-02','2018-05-02 12:13:10','2018-05-02 13:26:32',6.00,NULL,NULL,1,NULL,NULL),(1033,'FSL-0640','DUSTER  PRATA','A','P','2018-05-02','2018-05-02 16:11:11','2018-05-02 16:27:35',2.00,NULL,NULL,1,NULL,NULL),(1034,'CXO-0079','CORSA CLASSIC VERDE','A','P','2018-05-02','2018-05-02 16:19:53','2018-05-02 19:02:07',9.00,NULL,NULL,1,NULL,NULL),(1035,'EVJ-1066','SIENA PRETO','M','P','2018-05-02','2018-05-02 16:30:40','2018-05-02 16:30:45',NULL,NULL,NULL,1,NULL,NULL),(1036,'FUV-6396','CRV PRATA','A','P','2018-05-02','2018-05-02 17:51:43','2018-05-02 18:30:01',3.00,NULL,NULL,1,NULL,NULL),(1037,'BUX-3303','SANTANA CINZA','A','P','2018-05-02','2018-05-02 18:09:43','2018-05-02 20:14:49',9.00,NULL,NULL,1,NULL,NULL),(1038,'GAP-6090','HB20 BRANCO','M','P','2018-05-03','2018-05-03 10:13:07','2018-05-03 10:13:12',NULL,NULL,NULL,1,NULL,NULL),(1039,'GGU-6629','PRISMA BRANCO','M','P','2018-05-03','2018-05-03 10:13:10','2018-05-03 10:13:12',NULL,NULL,NULL,1,NULL,NULL),(1040,'EVJ-1066','SIENA PRETO','M','P','2018-05-03','2018-05-03 10:19:26','2018-05-03 10:19:29',NULL,NULL,NULL,1,NULL,NULL),(1041,'FZO-5835','FIAT BRAVO CINZA','A','P','2018-05-03','2018-05-03 10:24:55','2018-05-03 11:35:41',6.00,NULL,NULL,1,NULL,NULL),(1042,'GAP-6090','HB20 BRANCO','M','P','2018-05-04','2018-05-04 10:11:44','2018-05-04 10:11:50',NULL,NULL,NULL,1,NULL,NULL),(1043,'FME-4963','ONIX BRANCO','M','P','2018-05-04','2018-05-04 10:11:48','2018-05-04 10:11:50',NULL,NULL,NULL,1,NULL,NULL),(1044,'EVJ-1066','SIENA PRETO','M','P','2018-05-04','2018-05-04 11:16:16','2018-05-04 11:16:18',NULL,NULL,NULL,1,NULL,NULL),(1045,'GFU-7675','HILUX PRETA','A','P','2018-05-04','2018-05-04 11:29:46','2018-05-04 12:21:02',3.00,NULL,NULL,1,NULL,NULL),(1046,'GHU-6617','FIAT TORO BRANCO','A','P','2018-05-04','2018-05-04 13:32:05','2018-05-04 13:59:20',2.00,NULL,NULL,1,NULL,NULL),(1047,'GAP-6090','HB20 BRANCO','M','P','2018-05-07','2018-05-07 10:15:17','2018-05-07 10:15:19',NULL,NULL,NULL,1,NULL,NULL),(1048,'GJT-6078','CERATO CINZA','A','P','2018-05-07','2018-05-07 10:24:59','2018-05-07 11:44:48',6.00,NULL,NULL,1,NULL,NULL),(1049,'CVH-1150','FORD KA AZUL','A','P','2018-05-07','2018-05-07 11:03:45','2018-05-07 13:29:39',9.00,NULL,NULL,1,NULL,NULL),(1050,'ETY-3484','RAV4 PRATA','A','P','2018-05-07','2018-05-07 11:27:49','2018-05-07 12:21:24',3.00,NULL,NULL,1,NULL,NULL),(1051,'FES-8643','STRADA CINZA','A','P','2018-05-07','2018-05-07 12:06:11','2018-05-07 12:22:25',2.00,NULL,NULL,1,NULL,NULL),(1052,'GJK-5667','S10 PRATA','A','P','2018-05-07','2018-05-07 12:10:37','2018-05-07 13:41:32',6.00,NULL,NULL,1,NULL,NULL),(1053,'EVJ-1066','SIENA PRETO','M','P','2018-05-07','2018-05-07 12:59:51','2018-05-07 12:59:53',NULL,NULL,NULL,1,NULL,NULL),(1054,'DXW-8635','CORSA CLASSIC CINZA','A','P','2018-05-07','2018-05-07 16:33:48','2018-05-07 17:49:04',6.00,NULL,NULL,1,NULL,NULL),(1055,'FRE-4990','GOL CINZA','A','P','2018-05-07','2018-05-07 17:10:48','2018-05-07 19:18:46',9.00,NULL,NULL,1,NULL,NULL),(1056,'DXW-8212','CORSA JOY PRETO','A','P','2018-05-07','2018-05-07 17:36:03','2018-05-07 17:43:35',2.00,NULL,NULL,1,NULL,NULL),(1057,'DWZ-7925','FEIZER AZUL','A','P','2018-05-08','2018-05-08 10:01:12','2018-05-08 13:14:13',8.00,NULL,NULL,2,NULL,NULL),(1058,'EVJ-1066','SIENA PRETO','M','P','2018-05-08','2018-05-08 10:04:31','2018-05-08 10:04:33',NULL,NULL,NULL,1,NULL,NULL),(1059,'FME-4840','BM','A','P','2018-05-08','2018-05-08 10:06:37','2018-05-08 13:25:04',12.00,NULL,NULL,1,NULL,NULL),(1060,'GAP-6090','HB20 BRANCO','M','P','2018-05-08','2018-05-08 10:22:37','2018-05-08 10:22:46',NULL,NULL,NULL,1,NULL,NULL),(1061,'FME-4963','ONIX BRANCO','M','P','2018-05-08','2018-05-08 10:22:43','2018-05-08 10:22:46',NULL,NULL,NULL,1,NULL,NULL),(1062,'GGU-6629','PRISMA BRANCO','M','P','2018-05-08','2018-05-08 11:00:11','2018-05-08 11:00:13',NULL,NULL,NULL,1,NULL,NULL),(1063,'FNK-2827','CRUZE  PRETO','A','P','2018-05-08','2018-05-08 13:47:56','2018-05-08 15:16:42',6.00,NULL,NULL,1,NULL,NULL),(1064,'FIP-9405','COROLLA PRETO','A','P','2018-05-08','2018-05-08 14:39:36','2018-05-08 17:20:47',9.00,NULL,NULL,1,NULL,NULL),(1065,'GAP-6090','HB20 BRANCO','M','P','2018-05-09','2018-05-09 10:21:58','2018-05-09 10:21:59',NULL,NULL,NULL,1,NULL,NULL),(1066,'GGU-6629','PRISMA BRANCO','M','P','2018-05-09','2018-05-09 10:34:07','2018-05-09 10:34:09',NULL,NULL,NULL,1,NULL,NULL),(1067,'ETY-3319','GOL PRETO','A','R','2018-05-09','2018-05-09 11:13:43','2018-05-09 11:14:46',NULL,NULL,NULL,1,NULL,NULL),(1068,'ETY-3319','GOL PRETO','M','P','2018-05-09','2018-05-09 11:18:00','2018-05-09 11:18:03',NULL,NULL,NULL,1,NULL,NULL),(1069,'EYF-8138','GOL PRATA','A','P','2018-05-09','2018-05-09 11:18:46','2018-05-09 13:44:29',9.00,NULL,NULL,1,NULL,NULL),(1070,'GIX-5426','KIA CINZA','A','P','2018-05-09','2018-05-09 12:12:40','2018-05-09 13:17:13',6.00,NULL,NULL,1,NULL,NULL),(1071,'GCD-0131','SPACECROSS PRATA','A','P','2018-05-09','2018-05-09 13:04:54','2018-05-09 14:45:56',6.00,NULL,NULL,1,NULL,NULL),(1072,'BKE-2786','UNO CINZA','A','P','2018-05-09','2018-05-09 16:39:27','2018-05-09 17:00:34',2.00,NULL,NULL,1,NULL,NULL),(1073,'BKC-0798','CAMINHONETE FORD PRATA F1000','A','P','2018-05-09','2018-05-09 17:24:00','2018-05-09 18:18:45',3.00,NULL,NULL,1,NULL,NULL),(1074,'EVJ-1066','SIENA PRETO','M','P','2018-05-10','2018-05-10 10:10:17','2018-05-10 10:10:20',NULL,NULL,NULL,1,NULL,NULL),(1075,'GAP-6090','HB20 BRANCO','M','P','2018-05-10','2018-05-10 10:12:24','2018-05-10 10:12:27',NULL,NULL,NULL,1,NULL,NULL),(1076,'DYE-0508','POLO PRATA','A','P','2018-05-10','2018-05-10 10:46:31','2018-05-10 13:19:41',9.00,NULL,NULL,1,NULL,NULL),(1077,'FPZ-5620','GOL PRATA','A','P','2018-05-10','2018-05-10 11:29:44','2018-05-10 11:43:15',2.00,NULL,NULL,1,NULL,NULL),(1078,'DKA-8044','TOYOTA FILDER ','A','P','2018-05-10','2018-05-10 12:24:48','2018-05-10 14:20:36',6.00,NULL,NULL,1,NULL,NULL),(1079,'GCH-2400','HRV PRETO','A','P','2018-05-10','2018-05-10 13:05:41','2018-05-10 13:51:54',3.00,NULL,NULL,1,NULL,NULL),(1080,'DKW-8377','COROLLA PRATA','A','P','2018-05-10','2018-05-10 13:07:31','2018-05-10 13:51:18',3.00,NULL,NULL,1,NULL,NULL),(1081,'GJI-6120','HB20 CINZA','A','P','2018-05-10','2018-05-10 14:04:37','2018-05-10 14:39:41',3.00,NULL,NULL,1,NULL,NULL),(1082,'EGK-0606','GOL PRATA','A','P','2018-05-10','2018-05-10 18:44:40','2018-05-10 19:02:18',2.00,NULL,NULL,1,NULL,NULL),(1083,'JRG-1881','CELTA PRETO','A','P','2018-05-10','2018-05-10 19:32:59','2018-05-10 21:17:23',6.00,NULL,NULL,1,NULL,NULL),(1084,'GAP-6090','HB20 BRANCO','M','P','2018-05-11','2018-05-11 10:10:01','2018-05-11 10:10:04',NULL,NULL,NULL,1,NULL,NULL),(1085,'GGU-6629','PRISMA BRANCO','M','P','2018-05-11','2018-05-11 10:32:00','2018-05-11 10:32:02',NULL,NULL,NULL,1,NULL,NULL),(1086,'DNQ-1081','FOX PRATA','A','P','2018-05-11','2018-05-11 11:36:10','2018-05-11 15:28:13',12.00,NULL,NULL,1,NULL,NULL),(1087,'AYN-4112','FOX BRANCO','A','P','2018-05-11','2018-05-11 11:37:01','2018-05-11 11:54:25',2.00,NULL,NULL,1,NULL,NULL),(1088,'EDV-4757','IDEA PRATA','A','P','2018-05-11','2018-05-11 12:00:02','2018-05-11 12:41:59',3.00,NULL,NULL,1,NULL,NULL),(1089,'ETY-1300','HILUX PRATA','A','P','2018-05-11','2018-05-11 13:00:50','2018-05-11 14:22:19',6.00,NULL,NULL,1,NULL,NULL),(1090,'JRG-1881','CELTA PRETO','A','P','2018-05-11','2018-05-11 16:44:47','2018-05-11 20:53:32',15.00,NULL,NULL,1,NULL,NULL),(1091,'EGK-0606','GOL PRATA','A','P','2018-05-11','2018-05-11 17:58:37','2018-05-11 19:11:22',6.00,NULL,NULL,1,NULL,NULL),(1092,'FME-4963','ONIX BRANCO','M','P','2018-05-14','2018-05-14 10:07:46','2018-05-14 10:07:48',NULL,NULL,NULL,1,NULL,NULL),(1093,'GAP-6090','HB20 BRANCO','M','P','2018-05-14','2018-05-14 10:08:21','2018-05-14 10:08:23',NULL,NULL,NULL,1,NULL,NULL),(1094,'GBV-9805','JEEP PRATA','A','P','2018-05-14','2018-05-14 11:16:10','2018-05-14 12:33:19',6.00,NULL,NULL,1,NULL,NULL),(1095,'EON-9263','HONDA BIZ','A','P','2018-05-14','2018-05-14 11:38:50','2018-05-14 12:56:45',4.00,NULL,NULL,2,NULL,NULL),(1096,'FPW-9119','JEEP RENEGADE PRATA','A','P','2018-05-14','2018-05-14 11:44:50','2018-05-14 12:51:15',6.00,NULL,NULL,1,NULL,NULL),(1097,'ETN-6197','CIVIC VERDE','A','P','2018-05-14','2018-05-14 12:21:43','2018-05-14 17:52:29',18.00,NULL,NULL,1,NULL,NULL),(1098,'FWI-4605','S10 BRANCO','A','P','2018-05-14','2018-05-14 13:39:26','2018-05-14 14:47:07',6.00,NULL,NULL,1,NULL,NULL),(1099,'FJE-1325','DOBLO BRANCO','A','P','2018-05-14','2018-05-14 17:39:10','2018-05-14 18:42:23',6.00,NULL,NULL,1,NULL,NULL),(1100,'FME-4840','BM','A','P','2018-05-15','2018-05-15 10:03:07','2018-05-15 13:33:22',12.00,NULL,NULL,1,NULL,NULL),(1101,'EVJ-1066','SIENA PRETO','M','P','2018-05-15','2018-05-15 10:10:00','2018-05-15 10:10:07',NULL,NULL,NULL,1,NULL,NULL),(1102,'GAP-6090','HB20 BRANCO','M','P','2018-05-15','2018-05-15 10:10:04','2018-05-15 10:10:08',NULL,NULL,NULL,1,NULL,NULL),(1103,'GGU-6629','PRISMA BRANCO','M','P','2018-05-15','2018-05-15 10:22:48','2018-05-15 10:22:52',NULL,NULL,NULL,1,NULL,NULL),(1104,'FSF-4988','ONIX PRETO','A','P','2018-05-15','2018-05-15 17:38:07','2018-05-15 18:52:12',6.00,NULL,NULL,1,NULL,NULL),(1105,'FME-5095','SAVEIRO BRANCO','A','P','2018-05-15','2018-05-15 17:59:40','2018-05-15 18:06:09',2.00,NULL,NULL,1,NULL,NULL),(1106,'GAP-6090','HB20 BRANCO','M','P','2018-05-16','2018-05-16 10:07:19','2018-05-16 10:07:26',NULL,NULL,NULL,1,NULL,NULL),(1107,'GGU-6629','PRISMA BRANCO','M','P','2018-05-16','2018-05-16 10:07:24','2018-05-16 10:07:26',NULL,NULL,NULL,1,NULL,NULL),(1108,'FME-4963','ONIX BRANCO','M','P','2018-05-16','2018-05-16 10:11:38','2018-05-16 10:11:40',NULL,NULL,NULL,1,NULL,NULL),(1109,'FXG-3036','JEEP PRETO','A','R','2018-05-16','2018-05-16 11:21:54','2018-05-16 11:25:51',NULL,NULL,NULL,1,NULL,NULL),(1110,'BMS-0627','GOL BRANCO','A','P','2018-05-16','2018-05-16 14:19:27','2018-05-16 14:42:52',2.00,NULL,NULL,1,NULL,NULL),(1111,'EVJ-1066','SIENA PRETO','M','P','2018-05-16','2018-05-16 16:41:00','2018-05-16 16:41:02',NULL,NULL,NULL,1,NULL,NULL),(1112,'FTS-3472','HB20 PRATA','A','R','2018-05-16','2018-05-16 17:56:21','2018-05-16 17:58:04',NULL,NULL,NULL,1,NULL,NULL),(1113,'FME-4840','BM','A','P','2018-05-17','2018-05-17 10:01:31','2018-05-17 14:35:59',15.00,NULL,NULL,1,NULL,NULL),(1114,'GAP-6090','HB20 BRANCO','M','P','2018-05-17','2018-05-17 10:13:33','2018-05-17 10:13:45',NULL,NULL,NULL,1,NULL,NULL),(1115,'EVJ-1066','SIENA PRETO','M','P','2018-05-17','2018-05-17 10:13:41','2018-05-17 10:13:43',NULL,NULL,NULL,1,NULL,NULL),(1116,'FRZ-5745','TOYOTA RAV4 PRATA','A','R','2018-05-17','2018-05-17 10:32:20','2018-05-17 10:33:53',NULL,NULL,NULL,1,NULL,NULL),(1117,'FJR-7527','SPACEFOX BRANCO','A','P','2018-05-17','2018-05-17 11:07:16','2018-05-17 16:21:28',18.00,NULL,NULL,1,NULL,NULL),(1118,'ERH-0171','GOL PRATA','A','P','2018-05-17','2018-05-17 11:28:36','2018-05-17 13:17:39',6.00,NULL,NULL,1,NULL,NULL),(1119,'FHL-0652','TUCSON PRETO','A','P','2018-05-17','2018-05-17 12:42:45','2018-05-17 13:27:04',3.00,NULL,NULL,1,NULL,NULL),(1120,'FOP-1905','FIAT TORO PRATA','A','P','2018-05-17','2018-05-17 13:36:44','2018-05-17 14:43:09',6.00,NULL,NULL,1,NULL,NULL),(1121,'FUV-6996','RAILUX','A','P','2018-05-17','2018-05-17 19:22:29','2018-05-17 19:29:11',2.00,NULL,NULL,1,NULL,NULL),(1122,'FME-4963','ONIX BRANCO','M','P','2018-05-18','2018-05-18 10:12:12','2018-05-18 10:12:19',NULL,NULL,NULL,1,NULL,NULL),(1123,'GGU-6629','PRISMA BRANCO','M','P','2018-05-18','2018-05-18 10:12:16','2018-05-18 10:12:20',NULL,NULL,NULL,1,NULL,NULL),(1124,'FME-4840','BM','A','P','2018-05-18','2018-05-18 10:16:12','2018-05-18 10:46:37',3.00,NULL,NULL,1,NULL,NULL),(1125,'GAP-6090','HB20 BRANCO','M','P','2018-05-18','2018-05-18 10:49:36','2018-05-18 10:49:38',NULL,NULL,NULL,1,NULL,NULL),(1126,'EDA-4558','FOCUS PRETO','A','P','2018-05-18','2018-05-18 13:18:00','2018-05-18 14:00:05',3.00,NULL,NULL,1,NULL,NULL),(1127,'EIU-4388','GOL PRETO','A','R','2018-05-18','2018-05-18 13:33:46','2018-05-18 13:36:31',NULL,NULL,NULL,1,NULL,NULL),(1128,'FBN-0710','COBALT CINZA','A','A','2018-05-18','2018-05-18 13:42:41','0000-00-00 00:00:00',NULL,NULL,NULL,1,NULL,NULL);
/*!40000 ALTER TABLE `tb_movimentacao` ENABLE KEYS */;
UNLOCK TABLES;

--
-- Table structure for table `tb_plano`
--

DROP TABLE IF EXISTS `tb_plano`;
CREATE TABLE `tb_plano` (
  `codigo` int(11) NOT NULL auto_increment,
  `descricao` varchar(100) default NULL,
  `horario_inicial` time default NULL,
  `hora_final` time default NULL,
  `num_vagas` int(11) default NULL,
  `valor_plano` float(15,2) default NULL,
  `inativo` char(1) default NULL,
  `cob_valor` char(1) default NULL,
  PRIMARY KEY  (`codigo`)
) ENGINE=InnoDB AUTO_INCREMENT=7 DEFAULT CHARSET=latin1;

--
-- Dumping data for table `tb_plano`
--

LOCK TABLES `tb_plano` WRITE;
/*!40000 ALTER TABLE `tb_plano` DISABLE KEYS */;
INSERT INTO `tb_plano` VALUES (1,'MENSALISTA 15 DIAS','07:00:00','19:45:00',1,65.00,'N','N'),(2,'MENSALISTA 30 DIAS','07:00:00','19:30:00',1,130.00,'N','N'),(3,'DIARISTA 8 HORAS','07:00:00','19:45:00',1,15.00,'N','S'),(4,'DIARIA 12 HORAS','07:00:00','19:45:00',1,20.00,'N','N'),(5,'MENSALISTA HMSI - 30 DIAS','07:00:00','19:45:00',3,50.00,'N','N'),(6,'MENSALISTA UNIMED - 30 DIAS','07:00:00','19:45:00',3,50.00,'N','N');
/*!40000 ALTER TABLE `tb_plano` ENABLE KEYS */;
UNLOCK TABLES;

--
-- Table structure for table `tb_tipoveiculo`
--

DROP TABLE IF EXISTS `tb_tipoveiculo`;
CREATE TABLE `tb_tipoveiculo` (
  `codigo` int(11) NOT NULL auto_increment,
  `descricao` varchar(100) default NULL,
  `lotacao` int(11) default NULL,
  `cortesia` time default NULL,
  `valor_quizeminutos` float(15,2) default NULL,
  `valor_quinzeseguintes` float(15,2) default NULL,
  `valor_trintaminutos` float(15,2) default NULL,
  `valor_trintaminutos_seguinte` float(15,2) default NULL,
  `primeiros_minutos` int(11) default NULL,
  `valor_primeiros_minutos` float(15,2) default NULL,
  `valor_hora` float(15,2) default NULL,
  `valor_hora_seguinte` float(15,2) default NULL,
  `valor_pernoite` float(15,2) default NULL,
  `valor_diaria` float(15,2) default NULL,
  `inativo` char(1) default NULL,
  PRIMARY KEY  (`codigo`)
) ENGINE=InnoDB AUTO_INCREMENT=3 DEFAULT CHARSET=latin1;

--
-- Dumping data for table `tb_tipoveiculo`
--

LOCK TABLES `tb_tipoveiculo` WRITE;
/*!40000 ALTER TABLE `tb_tipoveiculo` DISABLE KEYS */;
INSERT INTO `tb_tipoveiculo` VALUES (1,'CARRO',0,'00:05:00',0.00,0.00,2.00,2.00,0,0.00,3.00,3.00,22.00,28.00,'N'),(2,'MOTO',0,'00:05:00',0.00,0.00,0.00,0.00,0,0.00,2.00,2.00,10.00,15.00,'N');
/*!40000 ALTER TABLE `tb_tipoveiculo` ENABLE KEYS */;
UNLOCK TABLES;

--
-- Table structure for table `tb_veiculocliente`
--

DROP TABLE IF EXISTS `tb_veiculocliente`;
CREATE TABLE `tb_veiculocliente` (
  `codigo` int(11) NOT NULL auto_increment,
  `codcliente` int(11) default NULL,
  `placa` varchar(8) default NULL,
  `veiculo` varchar(50) default NULL,
  `inativo` char(1) default NULL,
  `idtipoveiculo` int(11) default NULL,
  PRIMARY KEY  (`codigo`),
  KEY `codcliente` (`codcliente`),
  CONSTRAINT `tb_veiculocliente_fk` FOREIGN KEY (`codcliente`) REFERENCES `tb_cliente` (`codigo`) ON DELETE NO ACTION ON UPDATE NO ACTION
) ENGINE=InnoDB AUTO_INCREMENT=22 DEFAULT CHARSET=latin1;

--
-- Dumping data for table `tb_veiculocliente`
--

LOCK TABLES `tb_veiculocliente` WRITE;
/*!40000 ALTER TABLE `tb_veiculocliente` DISABLE KEYS */;
INSERT INTO `tb_veiculocliente` VALUES (1,2,'GAP-6090','HB20 BRANCO','N',1),(2,4,'GGU-6629','PRISMA BRANCO','N',1),(3,5,'OMB-8099','COROLLA CINZA','N',1),(4,7,'ECS-8410','FAZER PRETA','N',2),(5,8,'JPE-5587','GOL AZUL','N',1),(6,9,'GJI-5340','HONDA PCX CINZA','N',2),(8,11,'AYH-5237','SANDERO BRANCA','N',1),(9,12,'EVJ-1066','SIENA PRETO','N',1),(11,14,'FJW-8563','LANCER MITSUBISCH','N',1),(12,10,'CAO-1012','PAMPA PRATA','N',1),(13,7,'FEA-8656','HONDA CRV PRETA','N',1),(14,8,'GAR-6398','HONDA CB300 VERMELHA','N',2),(15,13,'DVP-7679','TITAN 150 PRETA','N',2),(16,16,'FGK-2047','PALIO ADVENTURE','N',1),(17,13,'HDJ-4637','CELTA AZUL','N',1),(18,18,NULL,NULL,'N',NULL),(19,19,'FME-4963','ONIX BRANCO','N',1),(20,NULL,'ELZ-6887','CITROEN C3 PRATA','N',1),(21,21,'ETY-3319','GOL PRETO','N',1);
/*!40000 ALTER TABLE `tb_veiculocliente` ENABLE KEYS */;
UNLOCK TABLES;

--
-- Table structure for table `tb_vouchers`
--

DROP TABLE IF EXISTS `tb_vouchers`;
CREATE TABLE `tb_vouchers` (
  `codigo` int(11) NOT NULL auto_increment,
  `descricao` varchar(100) default NULL,
  `placa` varchar(8) default NULL,
  `saldo_atual` float(15,2) default NULL,
  `saldo_inicial` float(15,2) default NULL,
  `codvoucher` int(11) default NULL,
  PRIMARY KEY  (`codigo`)
) ENGINE=InnoDB AUTO_INCREMENT=2 DEFAULT CHARSET=latin1;

--
-- Dumping data for table `tb_vouchers`
--

LOCK TABLES `tb_vouchers` WRITE;
/*!40000 ALTER TABLE `tb_vouchers` DISABLE KEYS */;
INSERT INTO `tb_vouchers` VALUES (1,'PRE-PAGO-FACULDADE','DNQ-0979',NULL,100.00,790);
/*!40000 ALTER TABLE `tb_vouchers` ENABLE KEYS */;
UNLOCK TABLES;

--
-- Table structure for table `tblogusuario`
--

DROP TABLE IF EXISTS `tblogusuario`;
CREATE TABLE `tblogusuario` (
  `APPLICATIONID` varchar(250) default NULL,
  `IDUSER` int(11) default NULL,
  `MSG` varchar(250) default NULL,
  `DATA` varchar(14) default NULL,
  `NIVEL` int(11) default NULL
) ENGINE=InnoDB DEFAULT CHARSET=latin1;

--
-- Dumping data for table `tblogusuario`
--

LOCK TABLES `tblogusuario` WRITE;
/*!40000 ALTER TABLE `tblogusuario` DISABLE KEYS */;
/*!40000 ALTER TABLE `tblogusuario` ENABLE KEYS */;
UNLOCK TABLES;

--
-- Table structure for table `uctabuserslogged`
--

DROP TABLE IF EXISTS `uctabuserslogged`;
CREATE TABLE `uctabuserslogged` (
  `UCIdLogon` char(38) default NULL,
  `UCIdUser` int(11) default NULL,
  `UCApplicationId` varchar(50) default NULL,
  `UCMachineName` varchar(50) default NULL,
  `UCData` varchar(14) default NULL
) ENGINE=InnoDB DEFAULT CHARSET=latin1;

--
-- Dumping data for table `uctabuserslogged`
--

LOCK TABLES `uctabuserslogged` WRITE;
/*!40000 ALTER TABLE `uctabuserslogged` DISABLE KEYS */;
INSERT INTO `uctabuserslogged` VALUES ('{20F011F4-D208-49FC-9C1F-B7E5EA65A92F}',1,'Garagem.exe','RODRIGO-PC','29/08/17 01:38'),('{B65A5AC3-EC4F-46F2-9B6D-8A4FCE0B4C5E}',1,'Garagem.exe','TI08','30/08/17 14:57'),('{92ED0B3F-BD5A-43DA-85FE-3801AB8BCB8D}',1,'Garagem.exe','RODRIGO-PC','01/09/17 15:40'),('{5D2C324B-72F0-4D8F-A4CD-0F8CE4AA9184}',1,'Garagem.exe','RODRIGO-PC','01/09/17 15:56'),('{979BF34C-1843-46AB-867F-1E826075780F}',1,'Garagem.exe','RODRIGO-PC','01/09/17 15:59'),('{CAA59E86-A496-4AEE-BE1F-1F372044E7CA}',1,'Garagem.exe','RODRIGO-PC','01/09/17 16:21'),('{5D00ED29-3695-41E1-9DF2-7DA95DCD7004}',1,'Garagem.exe','RODRIGO-PC','01/09/17 16:23'),('{2D2A1450-9BAF-44BB-B5F5-8A4CD2452D98}',1,'Garagem.exe','RODRIGO-PC','01/09/17 16:25'),('{17B483DF-C5D9-4CB8-B1EA-6591304C4D3B}',1,'Garagem.exe','RODRIGO-PC','01/09/17 16:33'),('{E3476195-25EE-4ECD-8AA6-95421EF0F5F8}',1,'Garagem.exe','RODRIGO-PC','01/09/17 17:10'),('{B8B15071-B8A7-478E-9879-E579F0D50798}',1,'Garagem.exe','RODRIGO-PC','05/09/17 00:54'),('{03377858-0276-428D-BAB0-4C189560B967}',1,'Garagem.exe','RODRIGO-PC','05/09/17 01:01'),('{2CDB278C-B0F2-42BF-8653-833ACCEAB60B}',1,'Garagem.exe','RODRIGO-PC','05/09/17 01:04'),('{9531715C-86B8-402F-8CDE-B8956E80D125}',1,'Garagem.exe','RODRIGO-PC','05/09/17 01:27'),('{65F2C6A6-6118-49EF-B328-77012C92B4C6}',1,'Garagem.exe','RODRIGO-PC','05/09/17 02:01'),('{B82359D2-F3FF-48B6-9FE0-D788F86ED023}',1,'Garagem.exe','RODRIGO-PC','05/09/17 02:14'),('{58C79099-4154-4779-9D1E-A5E5F828DD20}',2,'Garagem.exe','PC','15/09/17 07:13'),('{BA5AF449-1C08-4EB3-8EFA-37B3147C2479}',2,'Garagem.exe','PC','05/10/17 07:03'),('{22FE6A1F-A90F-403A-ADBC-546C5629D206}',3,'Garagem.exe','PC','13/10/17 12:08'),('{9B5AC807-7EC5-46DC-BC24-83B82D21DCBD}',3,'Garagem.exe','PC','08/11/17 19:32'),('{94BAB875-8F90-4EA2-B26D-FAE94EDFDA7B}',3,'Garagem.exe','PC','09/11/17 11:57'),('{5FAFDE35-397A-4E97-9622-1FDCEC67775B}',3,'Garagem.exe','PC','09/11/17 12:01'),('{DC4A9E44-7D91-40BF-A70F-ECA33965BFD9}',3,'Garagem.exe','PC','22/11/17 12:40'),('{13EF7020-9E1A-47ED-A4D7-DE81129CCF67}',3,'Garagem.exe','PC','24/11/17 12:07'),('{5A2BE996-711D-4447-BD19-00F2890397D6}',3,'Garagem.exe','PC','22/12/17 19:32'),('{2A633BB3-4337-4FF3-9970-2060CB7EEA45}',3,'Garagem.exe','PC','22/12/17 19:46'),('{C761FD4C-029E-414D-9C2E-CE89004DEB3A}',4,'Garagem.exe','PC','15/01/18 08:58'),('{DC4CF3BB-6A5C-46C4-89A2-6FE8AF1706D7}',4,'Garagem.exe','PC','15/01/18 09:00'),('{3198E7AB-E773-46AF-BA1C-1608CB173559}',2,'Garagem.exe','PC','15/01/18 09:08'),('{BA8DCD6C-A289-44A1-BB2E-58E13BA4E6CC}',6,'Garagem.exe','PC','30/01/18 19:16'),('{EB9EC949-7CE2-4468-9A38-C8682B6CD1C9}',6,'Garagem.exe','PC','31/01/18 19:31'),('{35DA8645-CC71-4CA7-8E84-AFE45722DD76}',6,'Garagem.exe','PC','08/02/18 15:36'),('{8E928143-19ED-473C-A220-1554305D859D}',2,'Garagem.exe','PC','16/02/18 10:30'),('{2B4336DF-5A94-4A84-8D4C-A8694548CA1D}',6,'Garagem.exe','PC','17/02/18 07:03'),('{08115963-3EFC-43D1-89A5-BD5D4EDF9126}',6,'Garagem.exe','PC','19/02/18 15:44'),('{16D39F3E-3DAD-4D8A-97DB-DCAC0A1799E3}',2,'Garagem.exe','PC','26/02/18 07:04'),('{E17D47E8-F21E-4D01-99C0-DF067A082AAF}',2,'Garagem.exe','PC','28/02/18 07:04'),('{0C2F9C37-B73E-4005-8D53-379DAD852927}',2,'Garagem.exe','PC','03/03/18 07:14'),('{BFAE5A08-12DF-442B-A129-AB1C2453416F}',2,'Garagem.exe','PC','19/03/18 07:08'),('{B4561A67-3C32-453D-B009-EED57CF63971}',2,'Garagem.exe','PC','26/03/18 07:02'),('{63D0ECEA-C45B-4438-962B-A153E52F2E64}',6,'Garagem.exe','PC','26/03/18 19:47'),('{BFBC5329-2895-4E0E-BF23-17BD5F976ED5}',6,'Garagem.exe','PC','28/03/18 14:03'),('{ED9B9C58-0780-4696-8D0C-E36A5C9F4AFD}',6,'Garagem.exe','PC','28/03/18 19:45'),('{897DED2A-9A24-4B35-ACF1-67D13F788C67}',6,'Garagem.exe','PC','06/04/18 06:51'),('{1700F471-49CD-4E21-A62E-432505479A3B}',2,'Garagem.exe','PC','19/04/18 07:08'),('{D3F3FA9F-B208-4BB9-BA10-3EF07DD756E3}',2,'Garagem.exe','PC','30/04/18 07:09'),('{ED9603F5-DD7F-4BF9-AB80-AF09338893BD}',7,'Garagem.exe','PC','10/05/18 15:35'),('{5D69BD91-9843-41FA-821C-7629D4E6DCB7}',2,'Garagem.exe','PC','14/05/18 07:05'),('{F0526BA1-6ABC-41EE-B4D0-FEA325057351}',2,'Garagem.exe','PC','15/05/18 07:03'),('{39BD2F0C-8929-4895-B0D4-EB6F65E67F30}',2,'Garagem.exe','PC','18/05/18 07:12');
/*!40000 ALTER TABLE `uctabuserslogged` ENABLE KEYS */;
UNLOCK TABLES;

--
-- Table structure for table `usuario_logado`
--

DROP TABLE IF EXISTS `usuario_logado`;
CREATE TABLE `usuario_logado` (
  `UCIdLogon` char(38) default NULL,
  `UCIdUser` int(11) default NULL,
  `UCApplicationId` varchar(50) default NULL,
  `UCMachineName` varchar(50) default NULL,
  `UCData` varchar(14) default NULL
) ENGINE=InnoDB DEFAULT CHARSET=latin1;

--
-- Dumping data for table `usuario_logado`
--

LOCK TABLES `usuario_logado` WRITE;
/*!40000 ALTER TABLE `usuario_logado` DISABLE KEYS */;
/*!40000 ALTER TABLE `usuario_logado` ENABLE KEYS */;
UNLOCK TABLES;

--
-- Table structure for table `usuarios`
--

DROP TABLE IF EXISTS `usuarios`;
CREATE TABLE `usuarios` (
  `UCIdUser` int(11) default NULL,
  `NomeUsuario` varchar(30) default NULL,
  `Login` varchar(30) default NULL,
  `Senha` varchar(250) default NULL,
  `UCPASSEXPIRED` char(10) default NULL,
  `UCUserExpired` int(11) default NULL,
  `UCUserDaysSun` int(11) default NULL,
  `Email` varchar(150) default NULL,
  `Privilegios` int(11) default NULL,
  `UCTypeRec` char(1) default NULL,
  `Grupos` int(11) default NULL,
  `codigo` varchar(250) default NULL,
  `Status` int(11) default NULL
) ENGINE=InnoDB DEFAULT CHARSET=latin1;

--
-- Dumping data for table `usuarios`
--

LOCK TABLES `usuarios` WRITE;
/*!40000 ALTER TABLE `usuarios` DISABLE KEYS */;
INSERT INTO `usuarios` VALUES (1,'admin','admin','QkGKEy4cTcK','18/03/2015',0,30,'cpdstacasa@hotmail.com',-1,'U',0,'QoTUyjCXz5RFdINj34E',0),(2,'Angelo Ismael Gomes da Silva','angelo','TE/p2A','05/10/2017',0,10,'',0,'U',0,'Tc6h4XmLW4jx+WJ',0),(3,'Andre Aroldo Gil Reales','andre','TYfrSTTN','05/10/2017',0,10,'',0,'U',0,'Sk5a5ozZxo5F6WtW',1),(4,'Andre Luis do Nascimento','anascimento','AF2rrthT3D','05/10/2017',0,10,'',0,'U',0,'VIAfVHng5waUKd43tjEgOsWJ3B',0),(5,'Cristian Cesar Starke','cristian','SAcQ38qu','05/10/2017',0,10,'',0,'U',0,'Uc/dfFAfW72msx8aNMyv',0),(6,'Marcos Antonio Crispolini','marcos','SscYNB','01/03/2018',0,10,'',0,'U',0,'X027BgqIwQfMlFO',1),(7,'Fabiano Gomes da Masceno','fabiano','TYPrsA','08/06/2018',0,10,'',0,'U',0,'Wc1VC0lzbOV43GL7',0);
/*!40000 ALTER TABLE `usuarios` ENABLE KEYS */;
UNLOCK TABLES;
/*!40103 SET TIME_ZONE=@OLD_TIME_ZONE */;

/*!40101 SET SQL_MODE=@OLD_SQL_MODE */;
/*!40014 SET FOREIGN_KEY_CHECKS=@OLD_FOREIGN_KEY_CHECKS */;
/*!40014 SET UNIQUE_CHECKS=@OLD_UNIQUE_CHECKS */;
/*!40101 SET CHARACTER_SET_CLIENT=@OLD_CHARACTER_SET_CLIENT */;
/*!40101 SET CHARACTER_SET_RESULTS=@OLD_CHARACTER_SET_RESULTS */;
/*!40101 SET COLLATION_CONNECTION=@OLD_COLLATION_CONNECTION */;
/*!40111 SET SQL_NOTES=@OLD_SQL_NOTES */;

-- Dump completed on 2018-06-08 10:11:02
